Nombre de la carpeta,Instrument,Stem,Posible archivo stem
AcDc_BackInBlack,Main System,S01,AcDc_BackInBlack_STEM_01.wav
AcDc_BackInBlack,distorted electric guitar,S02,AcDc_BackInBlack_STEM_02.wav
AcDc_BackInBlack,electric bass,S03,AcDc_BackInBlack_STEM_03.wav
AcDc_BackInBlack,distorted electric guitar,S04,AcDc_BackInBlack_STEM_04.wav
AcDc_BackInBlack,drum set,S05,AcDc_BackInBlack_STEM_05.wav
AcDc_BackInBlack,male singer,S06,AcDc_BackInBlack_STEM_06.wav
AClassicEducation_NightOwl,electric bass,S01,AClassicEducation_NightOwl_STEM_01.wav
AClassicEducation_NightOwl,drum set,S02,AClassicEducation_NightOwl_STEM_02.wav
AClassicEducation_NightOwl,distorted electric guitar,S03,AClassicEducation_NightOwl_STEM_03.wav
AClassicEducation_NightOwl,distorted electric guitar,S04,AClassicEducation_NightOwl_STEM_04.wav
AClassicEducation_NightOwl,clean electric guitar,S05,AClassicEducation_NightOwl_STEM_05.wav
AClassicEducation_NightOwl,distorted electric guitar,S06,AClassicEducation_NightOwl_STEM_06.wav
AClassicEducation_NightOwl,distorted electric guitar,S07,AClassicEducation_NightOwl_STEM_07.wav
AClassicEducation_NightOwl,male singer,S08,AClassicEducation_NightOwl_STEM_08.wav
AClassicEducation_NightOwl,synthesizer,S09,AClassicEducation_NightOwl_STEM_09.wav
AClassicEducation_NightOwl,vocalists,S10,AClassicEducation_NightOwl_STEM_10.wav
AClassicEducation_NightOwl,tambourine,S11,AClassicEducation_NightOwl_STEM_11.wav
AClassicEducation_NightOwl,fx/processed sound,S12,AClassicEducation_NightOwl_STEM_12.wav
AClassicEducation_NightOwl,male singer,S13,AClassicEducation_NightOwl_STEM_13.wav
Adele_SomeoneLikeYou,piano,S01,Adele_SomeoneLikeYou_STEM_01.wav
Adele_SomeoneLikeYou,"['female singer', 'vocalists']",S02,Adele_SomeoneLikeYou_STEM_02.wav
Aerosmith_LoveInAnElevator,drum set,S01,Aerosmith_LoveInAnElevator_STEM_01.wav
Aerosmith_LoveInAnElevator,electric bass,S02,Aerosmith_LoveInAnElevator_STEM_02.wav
Aerosmith_LoveInAnElevator,distorted electric guitar,S03,Aerosmith_LoveInAnElevator_STEM_03.wav
Aerosmith_LoveInAnElevator,"['female speaker', 'distorted electric guitar', 'drum set', 'piano', 'synthesizer', 'shaker']",S04,Aerosmith_LoveInAnElevator_STEM_04.wav
Aerosmith_LoveInAnElevator,"['male singer', 'vocalists']",S05,Aerosmith_LoveInAnElevator_STEM_05.wav
AHa_TakeOnMe,synthesizer,S01,AHa_TakeOnMe_STEM_01.wav
AHa_TakeOnMe,"['male singer', 'vocalists']",S02,AHa_TakeOnMe_STEM_02.wav
AHa_TakeOnMe,synthesizer,S03,AHa_TakeOnMe_STEM_03.wav
AHa_TakeOnMe,acoustic guitar,S04,AHa_TakeOnMe_STEM_04.wav
AHa_TakeOnMe,drum set,S05,AHa_TakeOnMe_STEM_05.wav
AHa_TakeOnMe,synthesizer,S06,AHa_TakeOnMe_STEM_06.wav
AimeeNorwich_Child,drum set,S01,AimeeNorwich_Child_STEM_01.wav
AimeeNorwich_Child,electric bass,S02,AimeeNorwich_Child_STEM_02.wav
AimeeNorwich_Child,clean electric guitar,S03,AimeeNorwich_Child_STEM_03.wav
AimeeNorwich_Child,female singer,S04,AimeeNorwich_Child_STEM_04.wav
AimeeNorwich_Child,vocalists,S05,AimeeNorwich_Child_STEM_05.wav
AimeeNorwich_Child,piano,S06,AimeeNorwich_Child_STEM_06.wav
AimeeNorwich_Child,acoustic guitar,S07,AimeeNorwich_Child_STEM_07.wav
AimeeNorwich_Flying,drum set,S01,AimeeNorwich_Flying_STEM_01.wav
AimeeNorwich_Flying,fx/processed sound,S02,AimeeNorwich_Flying_STEM_02.wav
AimeeNorwich_Flying,electric bass,S03,AimeeNorwich_Flying_STEM_03.wav
AimeeNorwich_Flying,clean electric guitar,S04,AimeeNorwich_Flying_STEM_04.wav
AimeeNorwich_Flying,clean electric guitar,S05,AimeeNorwich_Flying_STEM_05.wav
AimeeNorwich_Flying,fx/processed sound,S06,AimeeNorwich_Flying_STEM_06.wav
AimeeNorwich_Flying,fx/processed sound,S07,AimeeNorwich_Flying_STEM_07.wav
AimeeNorwich_Flying,fx/processed sound,S08,AimeeNorwich_Flying_STEM_08.wav
AimeeNorwich_Flying,piano,S09,AimeeNorwich_Flying_STEM_09.wav
AimeeNorwich_Flying,cello,S10,AimeeNorwich_Flying_STEM_10.wav
AimeeNorwich_Flying,cello,S11,AimeeNorwich_Flying_STEM_11.wav
AimeeNorwich_Flying,fx/processed sound,S12,AimeeNorwich_Flying_STEM_12.wav
AimeeNorwich_Flying,trombone,S13,AimeeNorwich_Flying_STEM_13.wav
AimeeNorwich_Flying,trombone,S14,AimeeNorwich_Flying_STEM_14.wav
AimeeNorwich_Flying,clarinet,S15,AimeeNorwich_Flying_STEM_15.wav
AlanisMorissette_YouOughtaKnow,drum set,S01,AlanisMorissette_YouOughtaKnow_STEM_01.wav
AlanisMorissette_YouOughtaKnow,electric bass,S02,AlanisMorissette_YouOughtaKnow_STEM_02.wav
AlanisMorissette_YouOughtaKnow,"['clean electric guitar', 'distorted electric guitar']",S03,AlanisMorissette_YouOughtaKnow_STEM_03.wav
AlanisMorissette_YouOughtaKnow,female singer,S04,AlanisMorissette_YouOughtaKnow_STEM_04.wav
AlanisMorissette_YouOughtaKnow,"['high hat', 'fx/processed sound', 'distorted electric guitar']",S05,AlanisMorissette_YouOughtaKnow_STEM_05.wav
AlexanderRoss_GoodbyeBolero,acoustic guitar,S01,AlexanderRoss_GoodbyeBolero_STEM_01.wav
AlexanderRoss_GoodbyeBolero,clean electric guitar,S02,AlexanderRoss_GoodbyeBolero_STEM_02.wav
AlexanderRoss_GoodbyeBolero,clean electric guitar,S03,AlexanderRoss_GoodbyeBolero_STEM_03.wav
AlexanderRoss_GoodbyeBolero,electric bass,S04,AlexanderRoss_GoodbyeBolero_STEM_04.wav
AlexanderRoss_GoodbyeBolero,drum set,S05,AlexanderRoss_GoodbyeBolero_STEM_05.wav
AlexanderRoss_GoodbyeBolero,male singer,S06,AlexanderRoss_GoodbyeBolero_STEM_06.wav
AlexanderRoss_GoodbyeBolero,brass section,S07,AlexanderRoss_GoodbyeBolero_STEM_07.wav
AlexanderRoss_GoodbyeBolero,viola section,S08,AlexanderRoss_GoodbyeBolero_STEM_08.wav
AlexanderRoss_GoodbyeBolero,harmonica,S09,AlexanderRoss_GoodbyeBolero_STEM_09.wav
AlexanderRoss_VelvetCurtain,acoustic guitar,S01,AlexanderRoss_VelvetCurtain_STEM_01.wav
AlexanderRoss_VelvetCurtain,clean electric guitar,S02,AlexanderRoss_VelvetCurtain_STEM_02.wav
AlexanderRoss_VelvetCurtain,clean electric guitar,S03,AlexanderRoss_VelvetCurtain_STEM_03.wav
AlexanderRoss_VelvetCurtain,electric bass,S04,AlexanderRoss_VelvetCurtain_STEM_04.wav
AlexanderRoss_VelvetCurtain,drum set,S05,AlexanderRoss_VelvetCurtain_STEM_05.wav
AlexanderRoss_VelvetCurtain,male singer,S06,AlexanderRoss_VelvetCurtain_STEM_06.wav
AlexanderRoss_VelvetCurtain,brass section,S07,AlexanderRoss_VelvetCurtain_STEM_07.wav
AlexanderRoss_VelvetCurtain,string section,S08,AlexanderRoss_VelvetCurtain_STEM_08.wav
AlexanderRoss_VelvetCurtain,vocalists,S09,AlexanderRoss_VelvetCurtain_STEM_09.wav
AlexanderRoss_VelvetCurtain,clean electric guitar,S10,AlexanderRoss_VelvetCurtain_STEM_10.wav
Allegria_MendelssohnMovement1,cello,S01,Allegria_MendelssohnMovement1_STEM_01.wav
Allegria_MendelssohnMovement1,violin,S02,Allegria_MendelssohnMovement1_STEM_02.wav
Allegria_MendelssohnMovement1,violin,S03,Allegria_MendelssohnMovement1_STEM_03.wav
Allegria_MendelssohnMovement1,viola,S04,Allegria_MendelssohnMovement1_STEM_04.wav
Allegria_MendelssohnMovement1,Main System,S05,Allegria_MendelssohnMovement1_STEM_05.wav
AllThatRemains_Chiron,drum set,S01,AllThatRemains_Chiron_STEM_01.wav
AllThatRemains_Chiron,electric bass,S02,AllThatRemains_Chiron_STEM_02.wav
AllThatRemains_Chiron,distorted electric guitar,S03,AllThatRemains_Chiron_STEM_03.wav
AllThatRemains_Chiron,"['male singer', 'male screamer']",S04,AllThatRemains_Chiron_STEM_04.wav
AllThatRemains_Chiron,"['high hat', 'distorted electric guitar', 'acoustic guitar']",S05,AllThatRemains_Chiron_STEM_05.wav
AmadeusRedux_MozartAllegro,cello,S01,AmadeusRedux_MozartAllegro_STEM_01.wav
AmadeusRedux_MozartAllegro,violin,S02,AmadeusRedux_MozartAllegro_STEM_02.wav
AmadeusRedux_MozartAllegro,viola,S03,AmadeusRedux_MozartAllegro_STEM_03.wav
AmadeusRedux_MozartAllegro,Main System,S04,AmadeusRedux_MozartAllegro_STEM_04.wav
AmadeusRedux_SchubertMovement2,cello,S01,AmadeusRedux_SchubertMovement2_STEM_01.wav
AmadeusRedux_SchubertMovement2,violin,S02,AmadeusRedux_SchubertMovement2_STEM_02.wav
AmadeusRedux_SchubertMovement2,viola,S03,AmadeusRedux_SchubertMovement2_STEM_03.wav
AmadeusRedux_SchubertMovement2,Main System,S04,AmadeusRedux_SchubertMovement2_STEM_04.wav
AmadeusRedux_SchubertMovement3,cello,S01,AmadeusRedux_SchubertMovement3_STEM_01.wav
AmadeusRedux_SchubertMovement3,violin,S02,AmadeusRedux_SchubertMovement3_STEM_02.wav
AmadeusRedux_SchubertMovement3,viola,S03,AmadeusRedux_SchubertMovement3_STEM_03.wav
AmadeusRedux_SchubertMovement3,Main System,S04,AmadeusRedux_SchubertMovement3_STEM_04.wav
AmarLal_Rest,clean electric guitar,S01,AmarLal_Rest_STEM_01.wav
AmarLal_Rest,fx/processed sound,S02,AmarLal_Rest_STEM_02.wav
AmarLal_SpringDay1,acoustic guitar,S01,AmarLal_SpringDay1_STEM_01.wav
Anberlin_TheFeelGoodDrag,drum set,S01,Anberlin_TheFeelGoodDrag_STEM_01.wav
Anberlin_TheFeelGoodDrag,electric bass,S02,Anberlin_TheFeelGoodDrag_STEM_02.wav
Anberlin_TheFeelGoodDrag,distorted electric guitar,S03,Anberlin_TheFeelGoodDrag_STEM_03.wav
Anberlin_TheFeelGoodDrag,"['male singer', 'synthesizer', 'vocalists', 'distorted electric guitar', 'tambourine']",S04,Anberlin_TheFeelGoodDrag_STEM_04.wav
AnEndlessSporadic_Anything,drum set,S01,AnEndlessSporadic_Anything_STEM_01.wav
AnEndlessSporadic_Anything,electric bass,S02,AnEndlessSporadic_Anything_STEM_02.wav
AnEndlessSporadic_Anything,distorted electric guitar,S03,AnEndlessSporadic_Anything_STEM_03.wav
AnEndlessSporadic_Anything,"['synthesizer', 'distorted electric guitar', 'shaker', 'fx/processed sound', 'auxiliary percussion']",S04,AnEndlessSporadic_Anything_STEM_04.wav
ArcadeFire_BlackMirror,"['fx/processed sound', 'vocalists', 'female singer']",S01,ArcadeFire_BlackMirror_STEM_01.wav
ArcadeFire_BlackMirror,"['acoustic guitar', 'clean electric guitar', 'piano']",S02,ArcadeFire_BlackMirror_STEM_02.wav
ArcadeFire_BlackMirror,drum set,S03,ArcadeFire_BlackMirror_STEM_03.wav
ArcadeFire_BlackMirror,electric bass,S04,ArcadeFire_BlackMirror_STEM_04.wav
ArcadeFire_BlackMirror,"['string section', 'woodwind section', 'harp']",S05,ArcadeFire_BlackMirror_STEM_05.wav
ArcadeFire_BlackMirror,male singer,S06,ArcadeFire_BlackMirror_STEM_06.wav
ArcadeFire_BlackMirror,"['piano', 'acoustic guitar']",S07,ArcadeFire_BlackMirror_STEM_07.wav
ArcticMonkeys_Brainstorm,drum set,S01,ArcticMonkeys_Brainstorm_STEM_01.wav
ArcticMonkeys_Brainstorm,distorted electric guitar,S02,ArcticMonkeys_Brainstorm_STEM_02.wav
ArcticMonkeys_Brainstorm,electric bass,S03,ArcticMonkeys_Brainstorm_STEM_03.wav
ArcticMonkeys_Brainstorm,"['male singer', 'tambourine', 'distorted electric guitar', 'vocalists']",S04,ArcticMonkeys_Brainstorm_STEM_04.wav
Auctioneer_OurFutureFaces,banjo,S01,Auctioneer_OurFutureFaces_STEM_01.wav
Auctioneer_OurFutureFaces,electric bass,S02,Auctioneer_OurFutureFaces_STEM_02.wav
Auctioneer_OurFutureFaces,vocalists,S03,Auctioneer_OurFutureFaces_STEM_03.wav
Auctioneer_OurFutureFaces,drum set,S04,Auctioneer_OurFutureFaces_STEM_04.wav
Auctioneer_OurFutureFaces,clean electric guitar,S05,Auctioneer_OurFutureFaces_STEM_05.wav
Auctioneer_OurFutureFaces,horn section,S06,Auctioneer_OurFutureFaces_STEM_06.wav
Auctioneer_OurFutureFaces,vibraphone,S07,Auctioneer_OurFutureFaces_STEM_07.wav
Auctioneer_OurFutureFaces,male singer,S08,Auctioneer_OurFutureFaces_STEM_08.wav
Auctioneer_OurFutureFaces,auxiliary percussion,S09,Auctioneer_OurFutureFaces_STEM_09.wav
Auctioneer_OurFutureFaces,piano,S10,Auctioneer_OurFutureFaces_STEM_10.wav
AvaLuna_Waterduct,electric bass,S01,AvaLuna_Waterduct_STEM_01.wav
AvaLuna_Waterduct,synthesizer,S02,AvaLuna_Waterduct_STEM_02.wav
AvaLuna_Waterduct,vocalists,S03,AvaLuna_Waterduct_STEM_03.wav
AvaLuna_Waterduct,drum set,S04,AvaLuna_Waterduct_STEM_04.wav
AvaLuna_Waterduct,distorted electric guitar,S05,AvaLuna_Waterduct_STEM_05.wav
AvaLuna_Waterduct,fx/processed sound,S06,AvaLuna_Waterduct_STEM_06.wav
AvaLuna_Waterduct,vibraphone,S07,AvaLuna_Waterduct_STEM_07.wav
AvaLuna_Waterduct,male singer,S08,AvaLuna_Waterduct_STEM_08.wav
Bach10_01AchGottundHerr,bassoon,S01,Bach10_01AchGottundHerr_STEM_01.wav
Bach10_01AchGottundHerr,tenor saxophone,S02,Bach10_01AchGottundHerr_STEM_02.wav
Bach10_01AchGottundHerr,clarinet,S03,Bach10_01AchGottundHerr_STEM_03.wav
Bach10_01AchGottundHerr,violin,S04,Bach10_01AchGottundHerr_STEM_04.wav
Bach10_02AchLiebenChristen,bassoon,S01,Bach10_02AchLiebenChristen_STEM_01.wav
Bach10_02AchLiebenChristen,tenor saxophone,S02,Bach10_02AchLiebenChristen_STEM_02.wav
Bach10_02AchLiebenChristen,clarinet,S03,Bach10_02AchLiebenChristen_STEM_03.wav
Bach10_02AchLiebenChristen,violin,S04,Bach10_02AchLiebenChristen_STEM_04.wav
Bach10_03ChristederdubistTagundLicht,bassoon,S01,Bach10_03ChristederdubistTagundLicht_STEM_01.wav
Bach10_03ChristederdubistTagundLicht,tenor saxophone,S02,Bach10_03ChristederdubistTagundLicht_STEM_02.wav
Bach10_03ChristederdubistTagundLicht,clarinet,S03,Bach10_03ChristederdubistTagundLicht_STEM_03.wav
Bach10_03ChristederdubistTagundLicht,violin,S04,Bach10_03ChristederdubistTagundLicht_STEM_04.wav
Bach10_04ChristeDuBeistand,bassoon,S01,Bach10_04ChristeDuBeistand_STEM_01.wav
Bach10_04ChristeDuBeistand,tenor saxophone,S02,Bach10_04ChristeDuBeistand_STEM_02.wav
Bach10_04ChristeDuBeistand,clarinet,S03,Bach10_04ChristeDuBeistand_STEM_03.wav
Bach10_04ChristeDuBeistand,violin,S04,Bach10_04ChristeDuBeistand_STEM_04.wav
Bach10_05DieNacht,bassoon,S01,Bach10_05DieNacht_STEM_01.wav
Bach10_05DieNacht,tenor saxophone,S02,Bach10_05DieNacht_STEM_02.wav
Bach10_05DieNacht,clarinet,S03,Bach10_05DieNacht_STEM_03.wav
Bach10_05DieNacht,violin,S04,Bach10_05DieNacht_STEM_04.wav
Bach10_06DieSonne,bassoon,S01,Bach10_06DieSonne_STEM_01.wav
Bach10_06DieSonne,tenor saxophone,S02,Bach10_06DieSonne_STEM_02.wav
Bach10_06DieSonne,clarinet,S03,Bach10_06DieSonne_STEM_03.wav
Bach10_06DieSonne,violin,S04,Bach10_06DieSonne_STEM_04.wav
Bach10_07HerrGott,bassoon,S01,Bach10_07HerrGott_STEM_01.wav
Bach10_07HerrGott,tenor saxophone,S02,Bach10_07HerrGott_STEM_02.wav
Bach10_07HerrGott,clarinet,S03,Bach10_07HerrGott_STEM_03.wav
Bach10_07HerrGott,violin,S04,Bach10_07HerrGott_STEM_04.wav
Bach10_08FuerDeinenThron,bassoon,S01,Bach10_08FuerDeinenThron_STEM_01.wav
Bach10_08FuerDeinenThron,tenor saxophone,S02,Bach10_08FuerDeinenThron_STEM_02.wav
Bach10_08FuerDeinenThron,clarinet,S03,Bach10_08FuerDeinenThron_STEM_03.wav
Bach10_08FuerDeinenThron,violin,S04,Bach10_08FuerDeinenThron_STEM_04.wav
Bach10_09Jesus,bassoon,S01,Bach10_09Jesus_STEM_01.wav
Bach10_09Jesus,tenor saxophone,S02,Bach10_09Jesus_STEM_02.wav
Bach10_09Jesus,clarinet,S03,Bach10_09Jesus_STEM_03.wav
Bach10_09Jesus,violin,S04,Bach10_09Jesus_STEM_04.wav
Bach10_10NunBitten,bassoon,S01,Bach10_10NunBitten_STEM_01.wav
Bach10_10NunBitten,tenor saxophone,S02,Bach10_10NunBitten_STEM_02.wav
Bach10_10NunBitten,clarinet,S03,Bach10_10NunBitten_STEM_03.wav
Bach10_10NunBitten,violin,S04,Bach10_10NunBitten_STEM_04.wav
BarefootSisters_RedJetta,vocalists,S01,BarefootSisters_RedJetta_STEM_01.wav
BarefootSisters_RedJetta,acoustic guitar,S02,BarefootSisters_RedJetta_STEM_02.wav
BarefootSisters_RedJetta,piano,S03,BarefootSisters_RedJetta_STEM_03.wav
BarefootSisters_RedJetta,drum set,S04,BarefootSisters_RedJetta_STEM_04.wav
BigTroubles_Phantom,electric bass,S01,BigTroubles_Phantom_STEM_01.wav
BigTroubles_Phantom,drum set,S02,BigTroubles_Phantom_STEM_02.wav
BigTroubles_Phantom,distorted electric guitar,S03,BigTroubles_Phantom_STEM_03.wav
BigTroubles_Phantom,male singer,S04,BigTroubles_Phantom_STEM_04.wav
BigTroubles_Phantom,distorted electric guitar,S05,BigTroubles_Phantom_STEM_05.wav
BigTroubles_Phantom,male singer,S06,BigTroubles_Phantom_STEM_06.wav
BigTroubles_Phantom,distorted electric guitar,S07,BigTroubles_Phantom_STEM_07.wav
BillyIdol_WhiteWedding,drum set,S01,BillyIdol_WhiteWedding_STEM_01.wav
BillyIdol_WhiteWedding,electric bass,S02,BillyIdol_WhiteWedding_STEM_02.wav
BillyIdol_WhiteWedding,"['distorted electric guitar', 'clean electric guitar']",S03,BillyIdol_WhiteWedding_STEM_03.wav
BillyIdol_WhiteWedding,"['male singer', 'vocalists']",S04,BillyIdol_WhiteWedding_STEM_04.wav
BillyIdol_WhiteWedding,"['clean electric guitar', 'distorted electric guitar', 'choir', 'synthesizer']",S05,BillyIdol_WhiteWedding_STEM_05.wav
BillySquier_TheStroke,drum set,S01,BillySquier_TheStroke_STEM_01.wav
BillySquier_TheStroke,distorted electric guitar,S02,BillySquier_TheStroke_STEM_02.wav
BillySquier_TheStroke,electric bass,S03,BillySquier_TheStroke_STEM_03.wav
BillySquier_TheStroke,"['male singer', 'vocalists']",S04,BillySquier_TheStroke_STEM_04.wav
BillySquier_TheStroke,fx/processed sound,S05,BillySquier_TheStroke_STEM_05.wav
BlackEyedPeas_IGottaFeeling,violin section,S01,BlackEyedPeas_IGottaFeeling_STEM_01.wav
BlackEyedPeas_IGottaFeeling,synthesizer,S02,BlackEyedPeas_IGottaFeeling_STEM_02.wav
BlackEyedPeas_IGottaFeeling,clean electric guitar,S03,BlackEyedPeas_IGottaFeeling_STEM_03.wav
BlackEyedPeas_IGottaFeeling,drum machine,S04,BlackEyedPeas_IGottaFeeling_STEM_04.wav
BlackEyedPeas_IGottaFeeling,synthesizer,S05,BlackEyedPeas_IGottaFeeling_STEM_05.wav
BlackEyedPeas_IGottaFeeling,kick drum,S06,BlackEyedPeas_IGottaFeeling_STEM_06.wav
BlackEyedPeas_IGottaFeeling,violin section,S07,BlackEyedPeas_IGottaFeeling_STEM_07.wav
BlackEyedPeas_IGottaFeeling,synthesizer,S08,BlackEyedPeas_IGottaFeeling_STEM_08.wav
BlackEyedPeas_IGottaFeeling,snare drum,S09,BlackEyedPeas_IGottaFeeling_STEM_09.wav
BlackEyedPeas_IGottaFeeling,vocalists,S10,BlackEyedPeas_IGottaFeeling_STEM_10.wav
BlackEyedPeas_IGottaFeeling,synthesizer,S11,BlackEyedPeas_IGottaFeeling_STEM_11.wav
BlackEyedPeas_IGottaFeeling,violin section,S12,BlackEyedPeas_IGottaFeeling_STEM_12.wav
BlackEyedPeas_IGottaFeeling,cymbal,S13,BlackEyedPeas_IGottaFeeling_STEM_13.wav
BlackEyedPeas_IGottaFeeling,"['male singer', 'female singer']",S14,BlackEyedPeas_IGottaFeeling_STEM_14.wav
BlackEyedPeas_IGottaFeeling,cello section,S15,BlackEyedPeas_IGottaFeeling_STEM_15.wav
BlackSabbath_WarPigs,drum set,S01,BlackSabbath_WarPigs_STEM_01.wav
BlackSabbath_WarPigs,distorted electric guitar,S02,BlackSabbath_WarPigs_STEM_02.wav
BlackSabbath_WarPigs,electric bass,S03,BlackSabbath_WarPigs_STEM_03.wav
BlackSabbath_WarPigs,Unlabeled,S04,BlackSabbath_WarPigs_STEM_04.wav
BlackSabbath_WarPigs,male singer,S05,BlackSabbath_WarPigs_STEM_05.wav
Blink182_AllTheSmallThings,drum set,S01,Blink182_AllTheSmallThings_STEM_01.wav
Blink182_AllTheSmallThings,electric bass,S02,Blink182_AllTheSmallThings_STEM_02.wav
Blink182_AllTheSmallThings,distorted electric guitar,S03,Blink182_AllTheSmallThings_STEM_03.wav
Blink182_AllTheSmallThings,"['male singer', 'vocalists']",S04,Blink182_AllTheSmallThings_STEM_04.wav
Blink182_AllTheSmallThings,"['synthesizer', 'high hat', 'male singer', 'vocalists', 'piano', 'clean electric guitar']",S05,Blink182_AllTheSmallThings_STEM_05.wav
Blondie_OneWayOrAnother,vocalists,S01,Blondie_OneWayOrAnother_STEM_01.wav
Blondie_OneWayOrAnother,"['female singer', 'vocalists']",S02,Blondie_OneWayOrAnother_STEM_02.wav
Blondie_OneWayOrAnother,distorted electric guitar,S03,Blondie_OneWayOrAnother_STEM_03.wav
Blondie_OneWayOrAnother,electric bass,S04,Blondie_OneWayOrAnother_STEM_04.wav
Blondie_OneWayOrAnother,drum set,S05,Blondie_OneWayOrAnother_STEM_05.wav
Blondie_OneWayOrAnother,"['synthesizer', 'distorted electric guitar']",S06,Blondie_OneWayOrAnother_STEM_06.wav
BlueOysterCult_DontFearTheReaper,drum set,S01,BlueOysterCult_DontFearTheReaper_STEM_01.wav
BlueOysterCult_DontFearTheReaper,electric bass,S02,BlueOysterCult_DontFearTheReaper_STEM_02.wav
BlueOysterCult_DontFearTheReaper,clean electric guitar,S03,BlueOysterCult_DontFearTheReaper_STEM_03.wav
BlueOysterCult_DontFearTheReaper,male singer,S04,BlueOysterCult_DontFearTheReaper_STEM_04.wav
BlueOysterCult_DontFearTheReaper,"['auxiliary percussion', 'electronic organ', 'male singer', 'vocalists', 'clean electric guitar', 'synthesizer']",S05,BlueOysterCult_DontFearTheReaper_STEM_05.wav
BobSeger_OldTimeRockAndRoll,drum set,S01,BobSeger_OldTimeRockAndRoll_STEM_01.wav
BobSeger_OldTimeRockAndRoll,distorted electric guitar,S02,BobSeger_OldTimeRockAndRoll_STEM_02.wav
BobSeger_OldTimeRockAndRoll,electric bass,S03,BobSeger_OldTimeRockAndRoll_STEM_03.wav
BobSeger_OldTimeRockAndRoll,"['male singer', 'vocalists']",S04,BobSeger_OldTimeRockAndRoll_STEM_04.wav
BobSeger_OldTimeRockAndRoll,piano,S05,BobSeger_OldTimeRockAndRoll_STEM_05.wav
Boston_MoreThanAFeeling,drum set,S01,Boston_MoreThanAFeeling_STEM_01.wav
Boston_MoreThanAFeeling,acoustic guitar,S02,Boston_MoreThanAFeeling_STEM_02.wav
Boston_MoreThanAFeeling,electric bass,S03,Boston_MoreThanAFeeling_STEM_03.wav
Boston_MoreThanAFeeling,Unlabeled,S04,Boston_MoreThanAFeeling_STEM_04.wav
Boston_MoreThanAFeeling,"['male singer', 'vocalists']",S05,Boston_MoreThanAFeeling_STEM_05.wav
BradPaisley_MudOnTheTires,drum set,S01,BradPaisley_MudOnTheTires_STEM_01.wav
BradPaisley_MudOnTheTires,"['acoustic guitar', 'distorted electric guitar']",S02,BradPaisley_MudOnTheTires_STEM_02.wav
BradPaisley_MudOnTheTires,electric bass,S03,BradPaisley_MudOnTheTires_STEM_03.wav
BradPaisley_MudOnTheTires,Unlabeled,S04,BradPaisley_MudOnTheTires_STEM_04.wav
BradPaisley_MudOnTheTires,male singer,S05,BradPaisley_MudOnTheTires_STEM_05.wav
BrandonWebster_DontHearAThing,male speaker,S01,BrandonWebster_DontHearAThing_STEM_01.wav
BrandonWebster_DontHearAThing,female singer,S02,BrandonWebster_DontHearAThing_STEM_02.wav
BrandonWebster_DontHearAThing,piano,S03,BrandonWebster_DontHearAThing_STEM_03.wav
BrandonWebster_YesSirICanFly,piano,S01,BrandonWebster_YesSirICanFly_STEM_01.wav
BrandonWebster_YesSirICanFly,male singer,S02,BrandonWebster_YesSirICanFly_STEM_02.wav
BrooksDunn_HillbillyDeluxe,drum set,S01,BrooksDunn_HillbillyDeluxe_STEM_01.wav
BrooksDunn_HillbillyDeluxe,clean electric guitar,S02,BrooksDunn_HillbillyDeluxe_STEM_02.wav
BrooksDunn_HillbillyDeluxe,electric bass,S03,BrooksDunn_HillbillyDeluxe_STEM_03.wav
BrooksDunn_HillbillyDeluxe,"['male singer', 'vocalists']",S04,BrooksDunn_HillbillyDeluxe_STEM_04.wav
BrooksDunn_HillbillyDeluxe,Unlabeled,S05,BrooksDunn_HillbillyDeluxe_STEM_05.wav
BrunoMars_Grenade,drum set,S01,BrunoMars_Grenade_STEM_01.wav
BrunoMars_Grenade,electric bass,S02,BrunoMars_Grenade_STEM_02.wav
BrunoMars_Grenade,Unlabeled,S03,BrunoMars_Grenade_STEM_03.wav
BrunoMars_Grenade,Unlabeled,S04,BrunoMars_Grenade_STEM_04.wav
BrunoMars_Grenade,electric piano,S05,BrunoMars_Grenade_STEM_05.wav
BrunoMars_Grenade,distorted electric guitar,S06,BrunoMars_Grenade_STEM_06.wav
BrunoMars_Grenade,"['male singer', 'vocalists']",S07,BrunoMars_Grenade_STEM_07.wav
BrunoMars_JustTheWayYouAre,drum set,S01,BrunoMars_JustTheWayYouAre_STEM_01.wav
BrunoMars_JustTheWayYouAre,piano,S02,BrunoMars_JustTheWayYouAre_STEM_02.wav
BrunoMars_JustTheWayYouAre,electric bass,S03,BrunoMars_JustTheWayYouAre_STEM_03.wav
BrunoMars_JustTheWayYouAre,"['male singer', 'vocalists']",S04,BrunoMars_JustTheWayYouAre_STEM_04.wav
BrunoMars_JustTheWayYouAre,synthesizer,S05,BrunoMars_JustTheWayYouAre_STEM_05.wav
BrunoMars_JustTheWayYouAre,Unlabeled,S06,BrunoMars_JustTheWayYouAre_STEM_06.wav
BrunoMars_MarryYou,drum set,S01,BrunoMars_MarryYou_STEM_01.wav
BrunoMars_MarryYou,clean electric guitar,S02,BrunoMars_MarryYou_STEM_02.wav
BrunoMars_MarryYou,electric bass,S03,BrunoMars_MarryYou_STEM_03.wav
BrunoMars_MarryYou,fx/processed sound,S04,BrunoMars_MarryYou_STEM_04.wav
BrunoMars_MarryYou,Unlabeled,S05,BrunoMars_MarryYou_STEM_05.wav
BrunoMars_MarryYou,"['male singer', 'vocalists']",S06,BrunoMars_MarryYou_STEM_06.wav
BryanAdams_SummerOf69,drum set,S01,BryanAdams_SummerOf69_STEM_01.wav
BryanAdams_SummerOf69,distorted electric guitar,S02,BryanAdams_SummerOf69_STEM_02.wav
BryanAdams_SummerOf69,electric bass,S03,BryanAdams_SummerOf69_STEM_03.wav
BryanAdams_SummerOf69,Unlabeled,S04,BryanAdams_SummerOf69_STEM_04.wav
BryanAdams_SummerOf69,male singer,S05,BryanAdams_SummerOf69_STEM_05.wav
Bush_Machinehead,drum set,S01,Bush_Machinehead_STEM_01.wav
Bush_Machinehead,distorted electric guitar,S02,Bush_Machinehead_STEM_02.wav
Bush_Machinehead,electric bass,S03,Bush_Machinehead_STEM_03.wav
Bush_Machinehead,Unlabeled,S04,Bush_Machinehead_STEM_04.wav
CarlDouglas_KungFuFighting,drum set,S01,CarlDouglas_KungFuFighting_STEM_01.wav
CarlDouglas_KungFuFighting,Unlabeled,S02,CarlDouglas_KungFuFighting_STEM_02.wav
CarlDouglas_KungFuFighting,electric bass,S03,CarlDouglas_KungFuFighting_STEM_03.wav
CarlDouglas_KungFuFighting,"['male singer', 'vocalists']",S04,CarlDouglas_KungFuFighting_STEM_04.wav
CarlDouglas_KungFuFighting,Unlabeled,S05,CarlDouglas_KungFuFighting_STEM_05.wav
CarrieUnderwood_HomeSweetHome,drum set,S01,CarrieUnderwood_HomeSweetHome_STEM_01.wav
CarrieUnderwood_HomeSweetHome,acoustic guitar,S02,CarrieUnderwood_HomeSweetHome_STEM_02.wav
CarrieUnderwood_HomeSweetHome,electric bass,S03,CarrieUnderwood_HomeSweetHome_STEM_03.wav
CarrieUnderwood_HomeSweetHome,piano,S04,CarrieUnderwood_HomeSweetHome_STEM_04.wav
CarrieUnderwood_HomeSweetHome,distorted electric guitar,S05,CarrieUnderwood_HomeSweetHome_STEM_05.wav
CarrieUnderwood_HomeSweetHome,female singer,S06,CarrieUnderwood_HomeSweetHome_STEM_06.wav
CarrieUnderwood_HomeSweetHome,string section,S07,CarrieUnderwood_HomeSweetHome_STEM_07.wav
CarrieUnderwood_HomeSweetHome,female singer,S08,CarrieUnderwood_HomeSweetHome_STEM_08.wav
CassandraJenkins_PerfectDay,string section,S01,CassandraJenkins_PerfectDay_STEM_01.wav
CassandraJenkins_PerfectDay,electric bass,S02,CassandraJenkins_PerfectDay_STEM_02.wav
CassandraJenkins_PerfectDay,piano,S03,CassandraJenkins_PerfectDay_STEM_03.wav
CassandraJenkins_PerfectDay,drum set,S04,CassandraJenkins_PerfectDay_STEM_04.wav
CassandraJenkins_PerfectDay,horn section,S05,CassandraJenkins_PerfectDay_STEM_05.wav
CassandraJenkins_PerfectDay,acoustic guitar,S06,CassandraJenkins_PerfectDay_STEM_06.wav
CassandraJenkins_PerfectDay,female singer,S07,CassandraJenkins_PerfectDay_STEM_07.wav
CassandraJenkins_PerfectDay,acoustic guitar,S08,CassandraJenkins_PerfectDay_STEM_08.wav
CassandraJenkins_PerfectDay,synthesizer,S09,CassandraJenkins_PerfectDay_STEM_09.wav
CatMartino_IPromise,synthesizer,S01,CatMartino_IPromise_STEM_01.wav
CatMartino_IPromise,drum set,S02,CatMartino_IPromise_STEM_02.wav
CatMartino_IPromise,synthesizer,S03,CatMartino_IPromise_STEM_03.wav
CatMartino_IPromise,drum machine,S04,CatMartino_IPromise_STEM_04.wav
CatMartino_IPromise,fx/processed sound,S05,CatMartino_IPromise_STEM_05.wav
CatMartino_IPromise,female singer,S06,CatMartino_IPromise_STEM_06.wav
CatMartino_IPromise,synthesizer,S07,CatMartino_IPromise_STEM_07.wav
CatMartino_IPromise,female singer,S08,CatMartino_IPromise_STEM_08.wav
CatMartino_IPromise,drum machine,S09,CatMartino_IPromise_STEM_09.wav
CatMartino_IPromise,electronic organ,S10,CatMartino_IPromise_STEM_10.wav
CatMartino_IPromise,female singer,S11,CatMartino_IPromise_STEM_11.wav
CatMartino_IPromise,female singer,S12,CatMartino_IPromise_STEM_12.wav
Cayetana_MissThing,drum set,S01,Cayetana_MissThing_STEM_01.wav
Cayetana_MissThing,distorted electric guitar,S02,Cayetana_MissThing_STEM_02.wav
Cayetana_MissThing,distorted electric guitar,S03,Cayetana_MissThing_STEM_03.wav
Cayetana_MissThing,electric bass,S04,Cayetana_MissThing_STEM_04.wav
Cayetana_MissThing,female singer,S05,Cayetana_MissThing_STEM_05.wav
Cayetana_MissThing,distorted electric guitar,S06,Cayetana_MissThing_STEM_06.wav
Cayetana_MissThing,female singer,S07,Cayetana_MissThing_STEM_07.wav
CeeloGreen_ForgetYou,auxiliary percussion,S01,CeeloGreen_ForgetYou_STEM_01.wav
CeeloGreen_ForgetYou,clean electric guitar,S02,CeeloGreen_ForgetYou_STEM_02.wav
CeeloGreen_ForgetYou,electric bass,S03,CeeloGreen_ForgetYou_STEM_03.wav
CeeloGreen_ForgetYou,piano,S04,CeeloGreen_ForgetYou_STEM_04.wav
CeeloGreen_ForgetYou,electronic organ,S05,CeeloGreen_ForgetYou_STEM_05.wav
CeeloGreen_ForgetYou,male singer,S06,CeeloGreen_ForgetYou_STEM_06.wav
CeeloGreen_ForgetYou,Unlabeled,S07,CeeloGreen_ForgetYou_STEM_07.wav
CelestialShore_DieForUs,male singer,S01,CelestialShore_DieForUs_STEM_01.wav
CelestialShore_DieForUs,female singer,S02,CelestialShore_DieForUs_STEM_02.wav
CelestialShore_DieForUs,electric bass,S03,CelestialShore_DieForUs_STEM_03.wav
CelestialShore_DieForUs,synthesizer,S04,CelestialShore_DieForUs_STEM_04.wav
CelestialShore_DieForUs,clean electric guitar,S05,CelestialShore_DieForUs_STEM_05.wav
CelestialShore_DieForUs,drum set,S06,CelestialShore_DieForUs_STEM_06.wav
CelestialShore_DieForUs,tack piano,S07,CelestialShore_DieForUs_STEM_07.wav
CelestialShore_DieForUs,clean electric guitar,S08,CelestialShore_DieForUs_STEM_08.wav
CelestialShore_DieForUs,synthesizer,S09,CelestialShore_DieForUs_STEM_09.wav
CheapTrick_IWantYouToWantMe,drum set,S01,CheapTrick_IWantYouToWantMe_STEM_01.wav
CheapTrick_IWantYouToWantMe,distorted electric guitar,S02,CheapTrick_IWantYouToWantMe_STEM_02.wav
CheapTrick_IWantYouToWantMe,electric bass,S03,CheapTrick_IWantYouToWantMe_STEM_03.wav
CheapTrick_IWantYouToWantMe,male singer,S04,CheapTrick_IWantYouToWantMe_STEM_04.wav
CheapTrick_IWantYouToWantMe,distorted electric guitar,S05,CheapTrick_IWantYouToWantMe_STEM_05.wav
CherryPoppinDaddies_ZootSuitRiot,drum set,S01,CherryPoppinDaddies_ZootSuitRiot_STEM_01.wav
CherryPoppinDaddies_ZootSuitRiot,horn section,S02,CherryPoppinDaddies_ZootSuitRiot_STEM_02.wav
CherryPoppinDaddies_ZootSuitRiot,double bass,S03,CherryPoppinDaddies_ZootSuitRiot_STEM_03.wav
CherryPoppinDaddies_ZootSuitRiot,clean electric guitar,S04,CherryPoppinDaddies_ZootSuitRiot_STEM_04.wav
CherryPoppinDaddies_ZootSuitRiot,trumpet,S05,CherryPoppinDaddies_ZootSuitRiot_STEM_05.wav
CherryPoppinDaddies_ZootSuitRiot,male singer,S06,CherryPoppinDaddies_ZootSuitRiot_STEM_06.wav
CherryPoppinDaddies_ZootSuitRiot,piano,S07,CherryPoppinDaddies_ZootSuitRiot_STEM_07.wav
CherryPoppinDaddies_ZootSuitRiot,"['vocalists', 'male singer']",S08,CherryPoppinDaddies_ZootSuitRiot_STEM_08.wav
ChrisBrown_Yeah,drum machine,S01,ChrisBrown_Yeah_STEM_01.wav
ChrisBrown_Yeah,"['male singer', 'vocalists', 'fx/processed sound']",S02,ChrisBrown_Yeah_STEM_02.wav
ChrisBrown_Yeah,electric bass,S03,ChrisBrown_Yeah_STEM_03.wav
ChrisBrown_Yeah,synthesizer,S04,ChrisBrown_Yeah_STEM_04.wav
ChrisJacoby_BoothShotLincoln,drum machine,S01,ChrisJacoby_BoothShotLincoln_STEM_01.wav
ChrisJacoby_BoothShotLincoln,mandolin,S02,ChrisJacoby_BoothShotLincoln_STEM_02.wav
ChrisJacoby_BoothShotLincoln,clean electric guitar,S03,ChrisJacoby_BoothShotLincoln_STEM_03.wav
ChrisJacoby_BoothShotLincoln,tabla,S04,ChrisJacoby_BoothShotLincoln_STEM_04.wav
ChrisJacoby_PigsFoot,kick drum,S01,ChrisJacoby_PigsFoot_STEM_01.wav
ChrisJacoby_PigsFoot,mandolin,S02,ChrisJacoby_PigsFoot_STEM_02.wav
ChrisJacoby_PigsFoot,electric bass,S03,ChrisJacoby_PigsFoot_STEM_03.wav
ChrisJacoby_PigsFoot,tabla,S04,ChrisJacoby_PigsFoot_STEM_04.wav
ChristinaAguilera_GenieInABottle,drum machine,S01,ChristinaAguilera_GenieInABottle_STEM_01.wav
ChristinaAguilera_GenieInABottle,distorted electric guitar,S02,ChristinaAguilera_GenieInABottle_STEM_02.wav
ChristinaAguilera_GenieInABottle,electric bass,S03,ChristinaAguilera_GenieInABottle_STEM_03.wav
ChristinaAguilera_GenieInABottle,synthesizer,S04,ChristinaAguilera_GenieInABottle_STEM_04.wav
ChristinaAguilera_GenieInABottle,synthesizer,S05,ChristinaAguilera_GenieInABottle_STEM_05.wav
ChristinaAguilera_GenieInABottle,piano,S06,ChristinaAguilera_GenieInABottle_STEM_06.wav
ChristinaAguilera_GenieInABottle,synthesizer,S07,ChristinaAguilera_GenieInABottle_STEM_07.wav
ChristinaAguilera_GenieInABottle,"['female singer', 'vocalists']",S08,ChristinaAguilera_GenieInABottle_STEM_08.wav
ChristinaAguilera_GenieInABottle,synthesizer,S09,ChristinaAguilera_GenieInABottle_STEM_09.wav
Chromeo_Tenderoni,drum set,S01,Chromeo_Tenderoni_STEM_01.wav
Chromeo_Tenderoni,synthesizer,S02,Chromeo_Tenderoni_STEM_02.wav
Chromeo_Tenderoni,synthesizer,S03,Chromeo_Tenderoni_STEM_03.wav
Chromeo_Tenderoni,clean electric guitar,S04,Chromeo_Tenderoni_STEM_04.wav
Chromeo_Tenderoni,synthesizer,S05,Chromeo_Tenderoni_STEM_05.wav
Chromeo_Tenderoni,"['male singer', 'vocalists']",S06,Chromeo_Tenderoni_STEM_06.wav
Chumbawamba_Tubthumping,drum set,S01,Chumbawamba_Tubthumping_STEM_01.wav
Chumbawamba_Tubthumping,"['acoustic guitar', 'distorted electric guitar']",S02,Chumbawamba_Tubthumping_STEM_02.wav
Chumbawamba_Tubthumping,synthesizer,S03,Chumbawamba_Tubthumping_STEM_03.wav
Chumbawamba_Tubthumping,"['synthesizer', 'trumpet section']",S04,Chumbawamba_Tubthumping_STEM_04.wav
Chumbawamba_Tubthumping,vocalists,S05,Chumbawamba_Tubthumping_STEM_05.wav
Chumbawamba_Tubthumping,Unlabeled,S06,Chumbawamba_Tubthumping_STEM_06.wav
ClaraBerryAndWooldog_AirTraffic,drum set,S01,ClaraBerryAndWooldog_AirTraffic_STEM_01.wav
ClaraBerryAndWooldog_AirTraffic,timpani,S02,ClaraBerryAndWooldog_AirTraffic_STEM_02.wav
ClaraBerryAndWooldog_AirTraffic,electric bass,S03,ClaraBerryAndWooldog_AirTraffic_STEM_03.wav
ClaraBerryAndWooldog_AirTraffic,clean electric guitar,S04,ClaraBerryAndWooldog_AirTraffic_STEM_04.wav
ClaraBerryAndWooldog_AirTraffic,lap steel guitar,S05,ClaraBerryAndWooldog_AirTraffic_STEM_05.wav
ClaraBerryAndWooldog_AirTraffic,piano,S06,ClaraBerryAndWooldog_AirTraffic_STEM_06.wav
ClaraBerryAndWooldog_AirTraffic,female singer,S07,ClaraBerryAndWooldog_AirTraffic_STEM_07.wav
ClaraBerryAndWooldog_AirTraffic,female singer,S08,ClaraBerryAndWooldog_AirTraffic_STEM_08.wav
ClaraBerryAndWooldog_Boys,drum set,S01,ClaraBerryAndWooldog_Boys_STEM_01.wav
ClaraBerryAndWooldog_Boys,snare drum,S02,ClaraBerryAndWooldog_Boys_STEM_02.wav
ClaraBerryAndWooldog_Boys,brass section,S03,ClaraBerryAndWooldog_Boys_STEM_03.wav
ClaraBerryAndWooldog_Boys,timpani,S04,ClaraBerryAndWooldog_Boys_STEM_04.wav
ClaraBerryAndWooldog_Boys,piano,S05,ClaraBerryAndWooldog_Boys_STEM_05.wav
ClaraBerryAndWooldog_Boys,female singer,S06,ClaraBerryAndWooldog_Boys_STEM_06.wav
ClaraBerryAndWooldog_Boys,vocalists,S07,ClaraBerryAndWooldog_Boys_STEM_07.wav
ClaraBerryAndWooldog_Boys,tenor saxophone,S08,ClaraBerryAndWooldog_Boys_STEM_08.wav
ClaraBerryAndWooldog_Boys,tack piano,S09,ClaraBerryAndWooldog_Boys_STEM_09.wav
ClaraBerryAndWooldog_Stella,drum set,S01,ClaraBerryAndWooldog_Stella_STEM_01.wav
ClaraBerryAndWooldog_Stella,auxiliary percussion,S02,ClaraBerryAndWooldog_Stella_STEM_02.wav
ClaraBerryAndWooldog_Stella,vibraphone,S03,ClaraBerryAndWooldog_Stella_STEM_03.wav
ClaraBerryAndWooldog_Stella,electric bass,S04,ClaraBerryAndWooldog_Stella_STEM_04.wav
ClaraBerryAndWooldog_Stella,piano,S05,ClaraBerryAndWooldog_Stella_STEM_05.wav
ClaraBerryAndWooldog_Stella,synthesizer,S06,ClaraBerryAndWooldog_Stella_STEM_06.wav
ClaraBerryAndWooldog_Stella,female singer,S07,ClaraBerryAndWooldog_Stella_STEM_07.wav
ClaraBerryAndWooldog_Stella,vocalists,S08,ClaraBerryAndWooldog_Stella_STEM_08.wav
ClaraBerryAndWooldog_TheBadGuys,piano,S01,ClaraBerryAndWooldog_TheBadGuys_STEM_01.wav
ClaraBerryAndWooldog_TheBadGuys,female singer,S02,ClaraBerryAndWooldog_TheBadGuys_STEM_02.wav
ClaraBerryAndWooldog_WaltzForMyVictims,drum set,S01,ClaraBerryAndWooldog_WaltzForMyVictims_STEM_01.wav
ClaraBerryAndWooldog_WaltzForMyVictims,electric bass,S02,ClaraBerryAndWooldog_WaltzForMyVictims_STEM_02.wav
ClaraBerryAndWooldog_WaltzForMyVictims,piano,S03,ClaraBerryAndWooldog_WaltzForMyVictims_STEM_03.wav
ClaraBerryAndWooldog_WaltzForMyVictims,glockenspiel,S04,ClaraBerryAndWooldog_WaltzForMyVictims_STEM_04.wav
ClaraBerryAndWooldog_WaltzForMyVictims,female singer,S05,ClaraBerryAndWooldog_WaltzForMyVictims_STEM_05.wav
Coldplay_InMyPlace,drum set,S01,Coldplay_InMyPlace_STEM_01.wav
Coldplay_InMyPlace,"['male singer', 'Unlabeled']",S02,Coldplay_InMyPlace_STEM_02.wav
Coldplay_InMyPlace,synthesizer,S03,Coldplay_InMyPlace_STEM_03.wav
Coldplay_InMyPlace,clean electric guitar,S04,Coldplay_InMyPlace_STEM_04.wav
Coldplay_Shiver,drum set,S01,Coldplay_Shiver_STEM_01.wav
Coldplay_Shiver,electric bass,S02,Coldplay_Shiver_STEM_02.wav
Coldplay_Shiver,clean electric guitar,S03,Coldplay_Shiver_STEM_03.wav
Coldplay_Shiver,Unlabeled,S04,Coldplay_Shiver_STEM_04.wav
Coldplay_Shiver,male singer,S05,Coldplay_Shiver_STEM_05.wav
ColdWarKids_HangMeUpToDry,drum set,S01,ColdWarKids_HangMeUpToDry_STEM_01.wav
ColdWarKids_HangMeUpToDry,clean electric guitar,S02,ColdWarKids_HangMeUpToDry_STEM_02.wav
ColdWarKids_HangMeUpToDry,electric bass,S03,ColdWarKids_HangMeUpToDry_STEM_03.wav
ColdWarKids_HangMeUpToDry,male singer,S04,ColdWarKids_HangMeUpToDry_STEM_04.wav
ColdWarKids_HangMeUpToDry,Unlabeled,S05,ColdWarKids_HangMeUpToDry_STEM_05.wav
CorinneBaileyRae_PutYourRecordsOn,drum set,S01,CorinneBaileyRae_PutYourRecordsOn_STEM_01.wav
CorinneBaileyRae_PutYourRecordsOn,acoustic guitar,S02,CorinneBaileyRae_PutYourRecordsOn_STEM_02.wav
CorinneBaileyRae_PutYourRecordsOn,electric bass,S03,CorinneBaileyRae_PutYourRecordsOn_STEM_03.wav
CorinneBaileyRae_PutYourRecordsOn,"['female singer', 'vocalists']",S04,CorinneBaileyRae_PutYourRecordsOn_STEM_04.wav
CorinneBaileyRae_PutYourRecordsOn,Unlabeled,S05,CorinneBaileyRae_PutYourRecordsOn_STEM_05.wav
CountingCrows_AccidentallyInLove,drum set,S01,CountingCrows_AccidentallyInLove_STEM_01.wav
CountingCrows_AccidentallyInLove,"['distorted electric guitar', 'acoustic guitar', 'mandolin']",S02,CountingCrows_AccidentallyInLove_STEM_02.wav
CountingCrows_AccidentallyInLove,electric bass,S03,CountingCrows_AccidentallyInLove_STEM_03.wav
CountingCrows_AccidentallyInLove,Unlabeled,S04,CountingCrows_AccidentallyInLove_STEM_04.wav
CountingCrows_AccidentallyInLove,male singer,S05,CountingCrows_AccidentallyInLove_STEM_05.wav
CountZero_Shake,drum set,S01,CountZero_Shake_STEM_01.wav
CountZero_Shake,distorted electric guitar,S02,CountZero_Shake_STEM_02.wav
CountZero_Shake,electric bass,S03,CountZero_Shake_STEM_03.wav
CountZero_Shake,Unlabeled,S04,CountZero_Shake_STEM_04.wav
CountZero_Shake,male singer,S05,CountZero_Shake_STEM_05.wav
CrazyFrog_JingleBells,synthesizer,S01,CrazyFrog_JingleBells_STEM_01.wav
CrazyFrog_JingleBells,synthesizer,S02,CrazyFrog_JingleBells_STEM_02.wav
CrazyFrog_JingleBells,vocalists,S03,CrazyFrog_JingleBells_STEM_03.wav
CrazyFrog_JingleBells,Unlabeled,S04,CrazyFrog_JingleBells_STEM_04.wav
CrazyFrog_JingleBells,synthesizer,S05,CrazyFrog_JingleBells_STEM_05.wav
CrazyFrog_JingleBells,drum machine,S06,CrazyFrog_JingleBells_STEM_06.wav
CrazyFrog_JingleBells,auxiliary percussion,S07,CrazyFrog_JingleBells_STEM_07.wav
CrazyFrog_JingleBells,fx/processed sound,S08,CrazyFrog_JingleBells_STEM_08.wav
CrazyFrog_JingleBells,acoustic guitar,S09,CrazyFrog_JingleBells_STEM_09.wav
CrazyFrog_JingleBells,synthesizer,S10,CrazyFrog_JingleBells_STEM_10.wav
Creepoid_OldTree,vocalists,S01,Creepoid_OldTree_STEM_01.wav
Creepoid_OldTree,electric bass,S02,Creepoid_OldTree_STEM_02.wav
Creepoid_OldTree,fx/processed sound,S03,Creepoid_OldTree_STEM_03.wav
Creepoid_OldTree,drum set,S04,Creepoid_OldTree_STEM_04.wav
Creepoid_OldTree,distorted electric guitar,S05,Creepoid_OldTree_STEM_05.wav
Creepoid_OldTree,distorted electric guitar,S06,Creepoid_OldTree_STEM_06.wav
Creepoid_OldTree,male singer,S07,Creepoid_OldTree_STEM_07.wav
Creepoid_OldTree,male singer,S08,Creepoid_OldTree_STEM_08.wav
Creepoid_OldTree,male singer,S09,Creepoid_OldTree_STEM_09.wav
Creepoid_OldTree,auxiliary percussion,S10,Creepoid_OldTree_STEM_10.wav
CroqueMadame_Oil,piano,S01,CroqueMadame_Oil_STEM_01.wav
CroqueMadame_Oil,clean electric guitar,S02,CroqueMadame_Oil_STEM_02.wav
CroqueMadame_Oil,double bass,S03,CroqueMadame_Oil_STEM_03.wav
CroqueMadame_Oil,drum set,S04,CroqueMadame_Oil_STEM_04.wav
CroqueMadame_Pilot,piano,S01,CroqueMadame_Pilot_STEM_01.wav
CroqueMadame_Pilot,clean electric guitar,S02,CroqueMadame_Pilot_STEM_02.wav
CroqueMadame_Pilot,double bass,S03,CroqueMadame_Pilot_STEM_03.wav
CroqueMadame_Pilot,drum set,S04,CroqueMadame_Pilot_STEM_04.wav
DahkaBand_SoldierMan,tenor saxophone,S01,DahkaBand_SoldierMan_STEM_01.wav
DahkaBand_SoldierMan,drum set,S02,DahkaBand_SoldierMan_STEM_02.wav
DahkaBand_SoldierMan,male singer,S03,DahkaBand_SoldierMan_STEM_03.wav
DahkaBand_SoldierMan,clean electric guitar,S04,DahkaBand_SoldierMan_STEM_04.wav
DahkaBand_SoldierMan,double bass,S05,DahkaBand_SoldierMan_STEM_05.wav
DeadMilkmen_PrisonersCinema,acoustic guitar,S01,DeadMilkmen_PrisonersCinema_STEM_01.wav
DeadMilkmen_PrisonersCinema,electronic organ,S02,DeadMilkmen_PrisonersCinema_STEM_02.wav
DeadMilkmen_PrisonersCinema,tambourine,S03,DeadMilkmen_PrisonersCinema_STEM_03.wav
DeadMilkmen_PrisonersCinema,electronic organ,S04,DeadMilkmen_PrisonersCinema_STEM_04.wav
DeadMilkmen_PrisonersCinema,shaker,S05,DeadMilkmen_PrisonersCinema_STEM_05.wav
DeadMilkmen_PrisonersCinema,glockenspiel,S06,DeadMilkmen_PrisonersCinema_STEM_06.wav
DeadMilkmen_PrisonersCinema,drum set,S07,DeadMilkmen_PrisonersCinema_STEM_07.wav
DeadMilkmen_PrisonersCinema,castanet,S08,DeadMilkmen_PrisonersCinema_STEM_08.wav
DeadMilkmen_PrisonersCinema,clean electric guitar,S09,DeadMilkmen_PrisonersCinema_STEM_09.wav
DeadMilkmen_PrisonersCinema,clean electric guitar,S10,DeadMilkmen_PrisonersCinema_STEM_10.wav
DeadMilkmen_PrisonersCinema,electric bass,S11,DeadMilkmen_PrisonersCinema_STEM_11.wav
DeadMilkmen_PrisonersCinema,male singer,S12,DeadMilkmen_PrisonersCinema_STEM_12.wav
DeadMilkmen_PrisonersCinema,distorted electric guitar,S13,DeadMilkmen_PrisonersCinema_STEM_13.wav
DeadMilkmen_PrisonersCinema,fx/processed sound,S14,DeadMilkmen_PrisonersCinema_STEM_14.wav
DeadMilkmen_PrisonersCinema,vocalists,S15,DeadMilkmen_PrisonersCinema_STEM_15.wav
Debussy_LenfantProdigue,male singer,S01,Debussy_LenfantProdigue_STEM_01.wav
Debussy_LenfantProdigue,piano,S02,Debussy_LenfantProdigue_STEM_02.wav
DeclareAString_MendelssohnPianoTrio1Movement1,piano,S01,DeclareAString_MendelssohnPianoTrio1Movement1_STEM_01.wav
DeclareAString_MendelssohnPianoTrio1Movement1,violin,S02,DeclareAString_MendelssohnPianoTrio1Movement1_STEM_02.wav
DeclareAString_MendelssohnPianoTrio1Movement1,cello,S03,DeclareAString_MendelssohnPianoTrio1Movement1_STEM_03.wav
DeclareAString_MendelssohnPianoTrio1Movement1,Main System,S04,DeclareAString_MendelssohnPianoTrio1Movement1_STEM_04.wav
DeclareAString_MendelssohnPianoTrio1Movement2,violin,S01,DeclareAString_MendelssohnPianoTrio1Movement2_STEM_01.wav
DeclareAString_MendelssohnPianoTrio1Movement2,Main System,S02,DeclareAString_MendelssohnPianoTrio1Movement2_STEM_02.wav
DeclareAString_MendelssohnPianoTrio1Movement2,cello,S03,DeclareAString_MendelssohnPianoTrio1Movement2_STEM_03.wav
DeclareAString_MendelssohnPianoTrio1Movement2,piano,S04,DeclareAString_MendelssohnPianoTrio1Movement2_STEM_04.wav
DreamersOfTheGhetto_HeavyLove,electric bass,S01,DreamersOfTheGhetto_HeavyLove_STEM_01.wav
DreamersOfTheGhetto_HeavyLove,vocalists,S02,DreamersOfTheGhetto_HeavyLove_STEM_02.wav
DreamersOfTheGhetto_HeavyLove,fx/processed sound,S03,DreamersOfTheGhetto_HeavyLove_STEM_03.wav
DreamersOfTheGhetto_HeavyLove,auxiliary percussion,S04,DreamersOfTheGhetto_HeavyLove_STEM_04.wav
DreamersOfTheGhetto_HeavyLove,drum set,S05,DreamersOfTheGhetto_HeavyLove_STEM_05.wav
DreamersOfTheGhetto_HeavyLove,male singer,S06,DreamersOfTheGhetto_HeavyLove_STEM_06.wav
DreamersOfTheGhetto_HeavyLove,synthesizer,S07,DreamersOfTheGhetto_HeavyLove_STEM_07.wav
DreamersOfTheGhetto_HeavyLove,female singer,S08,DreamersOfTheGhetto_HeavyLove_STEM_08.wav
DreamersOfTheGhetto_HeavyLove,synthesizer,S09,DreamersOfTheGhetto_HeavyLove_STEM_09.wav
EthanHein_1930sSynthAndUprightBass,drum machine,S01,EthanHein_1930sSynthAndUprightBass_STEM_01.wav
EthanHein_1930sSynthAndUprightBass,fx/processed sound,S02,EthanHein_1930sSynthAndUprightBass_STEM_02.wav
EthanHein_1930sSynthAndUprightBass,fx/processed sound,S03,EthanHein_1930sSynthAndUprightBass_STEM_03.wav
EthanHein_1930sSynthAndUprightBass,double bass,S04,EthanHein_1930sSynthAndUprightBass_STEM_04.wav
EthanHein_BluesForNofi,drum set,S01,EthanHein_BluesForNofi_STEM_01.wav
EthanHein_BluesForNofi,electric bass,S02,EthanHein_BluesForNofi_STEM_02.wav
EthanHein_GirlOnABridge,auxiliary percussion,S01,EthanHein_GirlOnABridge_STEM_01.wav
EthanHein_GirlOnABridge,piano,S02,EthanHein_GirlOnABridge_STEM_02.wav
EthanHein_GirlOnABridge,synthesizer,S03,EthanHein_GirlOnABridge_STEM_03.wav
EthanHein_GirlOnABridge,string section,S04,EthanHein_GirlOnABridge_STEM_04.wav
EthanHein_GirlOnABridge,distorted electric guitar,S05,EthanHein_GirlOnABridge_STEM_05.wav
EthanHein_HarmonicaFigure,drum machine,S01,EthanHein_HarmonicaFigure_STEM_01.wav
EthanHein_HarmonicaFigure,drum machine,S02,EthanHein_HarmonicaFigure_STEM_02.wav
EthanHein_HarmonicaFigure,synthesizer,S03,EthanHein_HarmonicaFigure_STEM_03.wav
EthanHein_HarmonicaFigure,synthesizer,S04,EthanHein_HarmonicaFigure_STEM_04.wav
EthanHein_HarmonicaFigure,harmonica,S05,EthanHein_HarmonicaFigure_STEM_05.wav
FacesOnFilm_WaitingForGa,acoustic guitar,S01,FacesOnFilm_WaitingForGa_STEM_01.wav
FacesOnFilm_WaitingForGa,electric bass,S02,FacesOnFilm_WaitingForGa_STEM_02.wav
FacesOnFilm_WaitingForGa,male singer,S03,FacesOnFilm_WaitingForGa_STEM_03.wav
FacesOnFilm_WaitingForGa,drum set,S04,FacesOnFilm_WaitingForGa_STEM_04.wav
FacesOnFilm_WaitingForGa,clean electric guitar,S05,FacesOnFilm_WaitingForGa_STEM_05.wav
FacesOnFilm_WaitingForGa,distorted electric guitar,S06,FacesOnFilm_WaitingForGa_STEM_06.wav
FacesOnFilm_WaitingForGa,synthesizer,S07,FacesOnFilm_WaitingForGa_STEM_07.wav
FacesOnFilm_WaitingForGa,vibraphone,S08,FacesOnFilm_WaitingForGa_STEM_08.wav
FacesOnFilm_WaitingForGa,vocalists,S09,FacesOnFilm_WaitingForGa_STEM_09.wav
FacesOnFilm_WaitingForGa,vocalists,S10,FacesOnFilm_WaitingForGa_STEM_10.wav
FacesOnFilm_WaitingForGa,auxiliary percussion,S11,FacesOnFilm_WaitingForGa_STEM_11.wav
FallingSparks_Improvisation1,double bass,S01,FallingSparks_Improvisation1_STEM_01.wav
FallingSparks_Improvisation1,clarinet,S02,FallingSparks_Improvisation1_STEM_02.wav
FallingSparks_Improvisation1,Main System,S03,FallingSparks_Improvisation1_STEM_03.wav
FallingSparks_Improvisation1,auxiliary percussion,S04,FallingSparks_Improvisation1_STEM_04.wav
FallingSparks_Improvisation2,clarinet,S01,FallingSparks_Improvisation2_STEM_01.wav
FallingSparks_Improvisation2,double bass,S02,FallingSparks_Improvisation2_STEM_02.wav
FallingSparks_Improvisation2,auxiliary percussion,S03,FallingSparks_Improvisation2_STEM_03.wav
FallingSparks_Improvisation2,Main System,S04,FallingSparks_Improvisation2_STEM_04.wav
FallingSparks_Improvisation3,double bass,S01,FallingSparks_Improvisation3_STEM_01.wav
FallingSparks_Improvisation3,clarinet,S02,FallingSparks_Improvisation3_STEM_02.wav
FallingSparks_Improvisation3,Main System,S03,FallingSparks_Improvisation3_STEM_03.wav
FallingSparks_Improvisation3,auxiliary percussion,S04,FallingSparks_Improvisation3_STEM_04.wav
FallingSparks_PakKlongTalad,clarinet,S01,FallingSparks_PakKlongTalad_STEM_01.wav
FallingSparks_PakKlongTalad,Main System,S02,FallingSparks_PakKlongTalad_STEM_02.wav
FallingSparks_PakKlongTalad,double bass,S03,FallingSparks_PakKlongTalad_STEM_03.wav
FallingSparks_PakKlongTalad,auxiliary percussion,S04,FallingSparks_PakKlongTalad_STEM_04.wav
FamilyBand_Again,electric bass,S01,FamilyBand_Again_STEM_01.wav
FamilyBand_Again,vocalists,S02,FamilyBand_Again_STEM_02.wav
FamilyBand_Again,drum set,S03,FamilyBand_Again_STEM_03.wav
FamilyBand_Again,acoustic guitar,S04,FamilyBand_Again_STEM_04.wav
FamilyBand_Again,clean electric guitar,S05,FamilyBand_Again_STEM_05.wav
FamilyBand_Again,distorted electric guitar,S06,FamilyBand_Again_STEM_06.wav
FamilyBand_Again,lap steel guitar,S07,FamilyBand_Again_STEM_07.wav
FamilyBand_Again,lap steel guitar,S08,FamilyBand_Again_STEM_08.wav
FamilyBand_Again,female singer,S09,FamilyBand_Again_STEM_09.wav
FamilyBand_Again,melodica,S10,FamilyBand_Again_STEM_10.wav
FamilyBand_Again,auxiliary percussion,S11,FamilyBand_Again_STEM_11.wav
FennelCartwright_DearTessie,Main System,S01,FennelCartwright_DearTessie_STEM_01.wav
FennelCartwright_DearTessie,flute,S02,FennelCartwright_DearTessie_STEM_02.wav
FennelCartwright_DearTessie,oboe,S03,FennelCartwright_DearTessie_STEM_03.wav
FennelCartwright_DearTessie,clarinet,S04,FennelCartwright_DearTessie_STEM_04.wav
FennelCartwright_DearTessie,french horn,S05,FennelCartwright_DearTessie_STEM_05.wav
FennelCartwright_DearTessie,bassoon,S06,FennelCartwright_DearTessie_STEM_06.wav
FennelCartwright_FlowerDrumSong,french horn,S01,FennelCartwright_FlowerDrumSong_STEM_01.wav
FennelCartwright_FlowerDrumSong,oboe,S02,FennelCartwright_FlowerDrumSong_STEM_02.wav
FennelCartwright_FlowerDrumSong,clarinet,S03,FennelCartwright_FlowerDrumSong_STEM_03.wav
FennelCartwright_FlowerDrumSong,bassoon,S04,FennelCartwright_FlowerDrumSong_STEM_04.wav
FennelCartwright_FlowerDrumSong,flute,S05,FennelCartwright_FlowerDrumSong_STEM_05.wav
FennelCartwright_WinterLake,bassoon,S01,FennelCartwright_WinterLake_STEM_01.wav
FennelCartwright_WinterLake,french horn,S02,FennelCartwright_WinterLake_STEM_02.wav
FennelCartwright_WinterLake,clarinet,S03,FennelCartwright_WinterLake_STEM_03.wav
FennelCartwright_WinterLake,flute,S04,FennelCartwright_WinterLake_STEM_04.wav
FennelCartwright_WinterLake,oboe,S05,FennelCartwright_WinterLake_STEM_05.wav
FennelCartwright_WinterLake,Main System,S06,FennelCartwright_WinterLake_STEM_06.wav
FilthyBird_IdLikeToKnow,acoustic guitar,S01,FilthyBird_IdLikeToKnow_STEM_01.wav
FilthyBird_IdLikeToKnow,female singer,S02,FilthyBird_IdLikeToKnow_STEM_02.wav
FilthyBird_IdLikeToKnow,tambourine,S03,FilthyBird_IdLikeToKnow_STEM_03.wav
FilthyBird_IdLikeToKnow,distorted electric guitar,S04,FilthyBird_IdLikeToKnow_STEM_04.wav
FilthyBird_IdLikeToKnow,drum set,S05,FilthyBird_IdLikeToKnow_STEM_05.wav
FilthyBird_IdLikeToKnow,distorted electric guitar,S06,FilthyBird_IdLikeToKnow_STEM_06.wav
FilthyBird_IdLikeToKnow,distorted electric guitar,S07,FilthyBird_IdLikeToKnow_STEM_07.wav
FilthyBird_IdLikeToKnow,electric bass,S08,FilthyBird_IdLikeToKnow_STEM_08.wav
FilthyBird_IdLikeToKnow,female singer,S09,FilthyBird_IdLikeToKnow_STEM_09.wav
FilthyBird_IdLikeToKnow,distorted electric guitar,S10,FilthyBird_IdLikeToKnow_STEM_10.wav
FleetwoodMac_Rhiannon,drum set,S01,FleetwoodMac_Rhiannon_STEM_01.wav
FleetwoodMac_Rhiannon,synthesizer,S02,FleetwoodMac_Rhiannon_STEM_02.wav
FleetwoodMac_Rhiannon,electric bass,S03,FleetwoodMac_Rhiannon_STEM_03.wav
FleetwoodMac_Rhiannon,clean electric guitar,S04,FleetwoodMac_Rhiannon_STEM_04.wav
FleetwoodMac_Rhiannon,clean electric guitar,S05,FleetwoodMac_Rhiannon_STEM_05.wav
FleetwoodMac_Rhiannon,"['female singer', 'vocalists']",S06,FleetwoodMac_Rhiannon_STEM_06.wav
FlightOfTheConcords_BusinessTime,drum set,S01,FlightOfTheConcords_BusinessTime_STEM_01.wav
FlightOfTheConcords_BusinessTime,acoustic guitar,S02,FlightOfTheConcords_BusinessTime_STEM_02.wav
FlightOfTheConcords_BusinessTime,double bass,S03,FlightOfTheConcords_BusinessTime_STEM_03.wav
FlightOfTheConcords_BusinessTime,Unlabeled,S04,FlightOfTheConcords_BusinessTime_STEM_04.wav
FlightOfTheConcords_BusinessTime,"['male singer', 'male speaker']",S05,FlightOfTheConcords_BusinessTime_STEM_05.wav
FooFighters_AllMyLife,drum set,S01,FooFighters_AllMyLife_STEM_01.wav
FooFighters_AllMyLife,distorted electric guitar,S02,FooFighters_AllMyLife_STEM_02.wav
FooFighters_AllMyLife,electric bass,S03,FooFighters_AllMyLife_STEM_03.wav
FooFighters_AllMyLife,Unlabeled,S04,FooFighters_AllMyLife_STEM_04.wav
FooFighters_AllMyLife,male singer,S05,FooFighters_AllMyLife_STEM_05.wav
FruitCathedral_KeepMeRunnin,drum set,S01,FruitCathedral_KeepMeRunnin_STEM_01.wav
FruitCathedral_KeepMeRunnin,distorted electric guitar,S02,FruitCathedral_KeepMeRunnin_STEM_02.wav
FruitCathedral_KeepMeRunnin,acoustic guitar,S03,FruitCathedral_KeepMeRunnin_STEM_03.wav
FruitCathedral_KeepMeRunnin,vocalists,S04,FruitCathedral_KeepMeRunnin_STEM_04.wav
FruitCathedral_KeepMeRunnin,shaker,S05,FruitCathedral_KeepMeRunnin_STEM_05.wav
FruitCathedral_KeepMeRunnin,electric bass,S06,FruitCathedral_KeepMeRunnin_STEM_06.wav
Grants_PunchDrunk,sampler,S01,Grants_PunchDrunk_STEM_01.wav
Grants_PunchDrunk,electric bass,S02,Grants_PunchDrunk_STEM_02.wav
Grants_PunchDrunk,male rapper,S03,Grants_PunchDrunk_STEM_03.wav
Grants_PunchDrunk,male rapper,S04,Grants_PunchDrunk_STEM_04.wav
Grants_PunchDrunk,drum machine,S05,Grants_PunchDrunk_STEM_05.wav
Grants_PunchDrunk,fx/processed sound,S06,Grants_PunchDrunk_STEM_06.wav
Grants_PunchDrunk,male rapper,S07,Grants_PunchDrunk_STEM_07.wav
Grants_PunchDrunk,sampler,S08,Grants_PunchDrunk_STEM_08.wav
Grants_PunchDrunk,piano,S09,Grants_PunchDrunk_STEM_09.wav
Grants_PunchDrunk,fx/processed sound,S10,Grants_PunchDrunk_STEM_10.wav
Handel_TornamiAVagheggiar,female singer,S01,Handel_TornamiAVagheggiar_STEM_01.wav
Handel_TornamiAVagheggiar,piano,S02,Handel_TornamiAVagheggiar_STEM_02.wav
HeladoNegro_MitadDelMundo,fx/processed sound,S01,HeladoNegro_MitadDelMundo_STEM_01.wav
HeladoNegro_MitadDelMundo,synthesizer,S02,HeladoNegro_MitadDelMundo_STEM_02.wav
HeladoNegro_MitadDelMundo,male singer,S03,HeladoNegro_MitadDelMundo_STEM_03.wav
HeladoNegro_MitadDelMundo,drum machine,S04,HeladoNegro_MitadDelMundo_STEM_04.wav
HeladoNegro_MitadDelMundo,synthesizer,S05,HeladoNegro_MitadDelMundo_STEM_05.wav
HeladoNegro_MitadDelMundo,synthesizer,S06,HeladoNegro_MitadDelMundo_STEM_06.wav
HeladoNegro_MitadDelMundo,vibraphone,S07,HeladoNegro_MitadDelMundo_STEM_07.wav
HeladoNegro_MitadDelMundo,male singer,S08,HeladoNegro_MitadDelMundo_STEM_08.wav
HeladoNegro_MitadDelMundo,synthesizer,S09,HeladoNegro_MitadDelMundo_STEM_09.wav
HeladoNegro_MitadDelMundo,tack piano,S10,HeladoNegro_MitadDelMundo_STEM_10.wav
HezekiahJones_BorrowedHeart,acoustic guitar,S01,HezekiahJones_BorrowedHeart_STEM_01.wav
HezekiahJones_BorrowedHeart,vocalists,S02,HezekiahJones_BorrowedHeart_STEM_02.wav
HezekiahJones_BorrowedHeart,banjo,S03,HezekiahJones_BorrowedHeart_STEM_03.wav
HezekiahJones_BorrowedHeart,electric bass,S04,HezekiahJones_BorrowedHeart_STEM_04.wav
HezekiahJones_BorrowedHeart,vibraphone,S05,HezekiahJones_BorrowedHeart_STEM_05.wav
HezekiahJones_BorrowedHeart,vocalists,S06,HezekiahJones_BorrowedHeart_STEM_06.wav
HezekiahJones_BorrowedHeart,cymbal,S07,HezekiahJones_BorrowedHeart_STEM_07.wav
HezekiahJones_BorrowedHeart,auxiliary percussion,S08,HezekiahJones_BorrowedHeart_STEM_08.wav
HezekiahJones_BorrowedHeart,drum set,S09,HezekiahJones_BorrowedHeart_STEM_09.wav
HezekiahJones_BorrowedHeart,male singer,S10,HezekiahJones_BorrowedHeart_STEM_10.wav
HezekiahJones_BorrowedHeart,violin section,S11,HezekiahJones_BorrowedHeart_STEM_11.wav
HezekiahJones_BorrowedHeart,lap steel guitar,S12,HezekiahJones_BorrowedHeart_STEM_12.wav
HopAlong_SisterCities,acoustic guitar,S01,HopAlong_SisterCities_STEM_01.wav
HopAlong_SisterCities,electric bass,S02,HopAlong_SisterCities_STEM_02.wav
HopAlong_SisterCities,vocalists,S03,HopAlong_SisterCities_STEM_03.wav
HopAlong_SisterCities,drum set,S04,HopAlong_SisterCities_STEM_04.wav
HopAlong_SisterCities,synthesizer,S05,HopAlong_SisterCities_STEM_05.wav
HopAlong_SisterCities,distorted electric guitar,S06,HopAlong_SisterCities_STEM_06.wav
HopAlong_SisterCities,female singer,S07,HopAlong_SisterCities_STEM_07.wav
HopAlong_SisterCities,distorted electric guitar,S08,HopAlong_SisterCities_STEM_08.wav
HopsNVinyl_ChickenFriedSteak,drum set,S01,HopsNVinyl_ChickenFriedSteak_STEM_01.wav
HopsNVinyl_ChickenFriedSteak,tenor saxophone,S02,HopsNVinyl_ChickenFriedSteak_STEM_02.wav
HopsNVinyl_ChickenFriedSteak,Main System,S03,HopsNVinyl_ChickenFriedSteak_STEM_03.wav
HopsNVinyl_ChickenFriedSteak,double bass,S04,HopsNVinyl_ChickenFriedSteak_STEM_04.wav
HopsNVinyl_ChickenFriedSteak,vibraphone,S05,HopsNVinyl_ChickenFriedSteak_STEM_05.wav
HopsNVinyl_HoneyBrown,vibraphone,S01,HopsNVinyl_HoneyBrown_STEM_01.wav
HopsNVinyl_HoneyBrown,drum set,S02,HopsNVinyl_HoneyBrown_STEM_02.wav
HopsNVinyl_HoneyBrown,tenor saxophone,S03,HopsNVinyl_HoneyBrown_STEM_03.wav
HopsNVinyl_HoneyBrown,Main System,S04,HopsNVinyl_HoneyBrown_STEM_04.wav
HopsNVinyl_HoneyBrown,double bass,S05,HopsNVinyl_HoneyBrown_STEM_05.wav
HopsNVinyl_ReignCheck,drum set,S01,HopsNVinyl_ReignCheck_STEM_01.wav
HopsNVinyl_ReignCheck,tenor saxophone,S02,HopsNVinyl_ReignCheck_STEM_02.wav
HopsNVinyl_ReignCheck,Main System,S03,HopsNVinyl_ReignCheck_STEM_03.wav
HopsNVinyl_ReignCheck,double bass,S04,HopsNVinyl_ReignCheck_STEM_04.wav
HopsNVinyl_ReignCheck,vibraphone,S05,HopsNVinyl_ReignCheck_STEM_05.wav
HopsNVinyl_WidowsWalk,drum set,S01,HopsNVinyl_WidowsWalk_STEM_01.wav
HopsNVinyl_WidowsWalk,soprano saxophone,S02,HopsNVinyl_WidowsWalk_STEM_02.wav
HopsNVinyl_WidowsWalk,Main System,S03,HopsNVinyl_WidowsWalk_STEM_03.wav
HopsNVinyl_WidowsWalk,double bass,S04,HopsNVinyl_WidowsWalk_STEM_04.wav
HopsNVinyl_WidowsWalk,vibraphone,S05,HopsNVinyl_WidowsWalk_STEM_05.wav
Incubus_Drive,drum set,S01,Incubus_Drive_STEM_01.wav
Incubus_Drive,acoustic guitar,S02,Incubus_Drive_STEM_02.wav
Incubus_Drive,electric bass,S03,Incubus_Drive_STEM_03.wav
Incubus_Drive,"['male singer', 'vocalists']",S04,Incubus_Drive_STEM_04.wav
Incubus_Drive,Unlabeled,S05,Incubus_Drive_STEM_05.wav
InvisibleFamiliars_DisturbingWildlife,electric bass,S01,InvisibleFamiliars_DisturbingWildlife_STEM_01.wav
InvisibleFamiliars_DisturbingWildlife,claps,S02,InvisibleFamiliars_DisturbingWildlife_STEM_02.wav
InvisibleFamiliars_DisturbingWildlife,trumpet section,S03,InvisibleFamiliars_DisturbingWildlife_STEM_03.wav
InvisibleFamiliars_DisturbingWildlife,drum set,S04,InvisibleFamiliars_DisturbingWildlife_STEM_04.wav
InvisibleFamiliars_DisturbingWildlife,clean electric guitar,S05,InvisibleFamiliars_DisturbingWildlife_STEM_05.wav
InvisibleFamiliars_DisturbingWildlife,shaker,S06,InvisibleFamiliars_DisturbingWildlife_STEM_06.wav
InvisibleFamiliars_DisturbingWildlife,vocalists,S07,InvisibleFamiliars_DisturbingWildlife_STEM_07.wav
InvisibleFamiliars_DisturbingWildlife,vocalists,S08,InvisibleFamiliars_DisturbingWildlife_STEM_08.wav
InvisibleFamiliars_DisturbingWildlife,male singer,S09,InvisibleFamiliars_DisturbingWildlife_STEM_09.wav
InvisibleFamiliars_DisturbingWildlife,tack piano,S10,InvisibleFamiliars_DisturbingWildlife_STEM_10.wav
Inxs_NeedYouTonight,synthesizer,S01,Inxs_NeedYouTonight_STEM_01.wav
Inxs_NeedYouTonight,clean electric guitar,S02,Inxs_NeedYouTonight_STEM_02.wav
Inxs_NeedYouTonight,"['auxiliary percussion', 'Unlabeled']",S03,Inxs_NeedYouTonight_STEM_03.wav
Inxs_NeedYouTonight,drum set,S04,Inxs_NeedYouTonight_STEM_04.wav
Inxs_NeedYouTonight,synthesizer,S05,Inxs_NeedYouTonight_STEM_05.wav
Inxs_NeedYouTonight,"['male singer', 'vocalists']",S06,Inxs_NeedYouTonight_STEM_06.wav
JoelHelander_Definition,piano,S01,JoelHelander_Definition_STEM_01.wav
JoelHelander_Definition,violin,S02,JoelHelander_Definition_STEM_02.wav
JoelHelander_Definition,violin,S03,JoelHelander_Definition_STEM_03.wav
JoelHelander_Definition,viola,S04,JoelHelander_Definition_STEM_04.wav
JoelHelander_Definition,cello,S05,JoelHelander_Definition_STEM_05.wav
JoelHelander_Definition,string section,S06,JoelHelander_Definition_STEM_06.wav
JoelHelander_Definition,chimes,S07,JoelHelander_Definition_STEM_07.wav
JoelHelander_Definition,snare drum,S08,JoelHelander_Definition_STEM_08.wav
JoelHelander_Definition,flute,S09,JoelHelander_Definition_STEM_09.wav
JoelHelander_Definition,flute,S10,JoelHelander_Definition_STEM_10.wav
JoelHelander_Definition,french horn,S11,JoelHelander_Definition_STEM_11.wav
JoelHelander_Definition,bassoon,S12,JoelHelander_Definition_STEM_12.wav
JoelHelander_Definition,horn section,S13,JoelHelander_Definition_STEM_13.wav
JoelHelander_Definition,trombone,S14,JoelHelander_Definition_STEM_14.wav
JoelHelander_Definition,trumpet,S15,JoelHelander_Definition_STEM_15.wav
JoelHelander_ExcessiveResistancetoChange,tack piano,S01,JoelHelander_ExcessiveResistancetoChange_STEM_01.wav
JoelHelander_ExcessiveResistancetoChange,tack piano,S02,JoelHelander_ExcessiveResistancetoChange_STEM_02.wav
JoelHelander_ExcessiveResistancetoChange,piano,S03,JoelHelander_ExcessiveResistancetoChange_STEM_03.wav
JoelHelander_ExcessiveResistancetoChange,tack piano,S04,JoelHelander_ExcessiveResistancetoChange_STEM_04.wav
JoelHelander_ExcessiveResistancetoChange,double bass,S05,JoelHelander_ExcessiveResistancetoChange_STEM_05.wav
JoelHelander_ExcessiveResistancetoChange,drum set,S06,JoelHelander_ExcessiveResistancetoChange_STEM_06.wav
JoelHelander_ExcessiveResistancetoChange,auxiliary percussion,S07,JoelHelander_ExcessiveResistancetoChange_STEM_07.wav
JoelHelander_ExcessiveResistancetoChange,clarinet,S08,JoelHelander_ExcessiveResistancetoChange_STEM_08.wav
JoelHelander_ExcessiveResistancetoChange,acoustic guitar,S09,JoelHelander_ExcessiveResistancetoChange_STEM_09.wav
JoelHelander_ExcessiveResistancetoChange,french horn,S10,JoelHelander_ExcessiveResistancetoChange_STEM_10.wav
JoelHelander_ExcessiveResistancetoChange,bassoon,S11,JoelHelander_ExcessiveResistancetoChange_STEM_11.wav
JoelHelander_ExcessiveResistancetoChange,horn section,S12,JoelHelander_ExcessiveResistancetoChange_STEM_12.wav
JoelHelander_ExcessiveResistancetoChange,violin,S13,JoelHelander_ExcessiveResistancetoChange_STEM_13.wav
JoelHelander_ExcessiveResistancetoChange,violin,S14,JoelHelander_ExcessiveResistancetoChange_STEM_14.wav
JoelHelander_ExcessiveResistancetoChange,violin section,S15,JoelHelander_ExcessiveResistancetoChange_STEM_15.wav
JoelHelander_IntheAtticBedroom,violin,S01,JoelHelander_IntheAtticBedroom_STEM_01.wav
JoelHelander_IntheAtticBedroom,violin,S02,JoelHelander_IntheAtticBedroom_STEM_02.wav
JoelHelander_IntheAtticBedroom,viola,S03,JoelHelander_IntheAtticBedroom_STEM_03.wav
JoelHelander_IntheAtticBedroom,cello,S04,JoelHelander_IntheAtticBedroom_STEM_04.wav
JoelHelander_IntheAtticBedroom,Main System,S05,JoelHelander_IntheAtticBedroom_STEM_05.wav
KaiserChiefs_Ruby,drum set,S01,KaiserChiefs_Ruby_STEM_01.wav
KaiserChiefs_Ruby,distorted electric guitar,S02,KaiserChiefs_Ruby_STEM_02.wav
KaiserChiefs_Ruby,electric bass,S03,KaiserChiefs_Ruby_STEM_03.wav
KaiserChiefs_Ruby,Unlabeled,S04,KaiserChiefs_Ruby_STEM_04.wav
KaiserChiefs_Ruby,"['male singer', 'vocalists']",S05,KaiserChiefs_Ruby_STEM_05.wav
Kansas_CarryOnMyWaywardSon,drum set,S01,Kansas_CarryOnMyWaywardSon_STEM_01.wav
Kansas_CarryOnMyWaywardSon,distorted electric guitar,S02,Kansas_CarryOnMyWaywardSon_STEM_02.wav
Kansas_CarryOnMyWaywardSon,electric bass,S03,Kansas_CarryOnMyWaywardSon_STEM_03.wav
Kansas_CarryOnMyWaywardSon,Unlabeled,S04,Kansas_CarryOnMyWaywardSon_STEM_04.wav
Kansas_CarryOnMyWaywardSon,vocalists,S05,Kansas_CarryOnMyWaywardSon_STEM_05.wav
Kansas_CarryOnMyWaywardSon,crowd,S06,Kansas_CarryOnMyWaywardSon_STEM_06.wav
KanyeWest_LoveLockdown,auxiliary percussion,S01,KanyeWest_LoveLockdown_STEM_01.wav
KanyeWest_LoveLockdown,synthesizer,S02,KanyeWest_LoveLockdown_STEM_02.wav
KanyeWest_LoveLockdown,synthesizer,S03,KanyeWest_LoveLockdown_STEM_03.wav
KanyeWest_LoveLockdown,synthesizer,S04,KanyeWest_LoveLockdown_STEM_04.wav
KanyeWest_LoveLockdown,piano,S05,KanyeWest_LoveLockdown_STEM_05.wav
KanyeWest_LoveLockdown,male singer,S06,KanyeWest_LoveLockdown_STEM_06.wav
Karachacha_Volamos,drum set,S01,Karachacha_Volamos_STEM_01.wav
Karachacha_Volamos,acoustic guitar,S02,Karachacha_Volamos_STEM_02.wav
Karachacha_Volamos,vibraphone,S03,Karachacha_Volamos_STEM_03.wav
Karachacha_Volamos,auxiliary percussion,S04,Karachacha_Volamos_STEM_04.wav
Karachacha_Volamos,kick drum,S05,Karachacha_Volamos_STEM_05.wav
Karachacha_Volamos,double bass,S06,Karachacha_Volamos_STEM_06.wav
KarimDouaidy_Hopscotch,electric bass,S01,KarimDouaidy_Hopscotch_STEM_01.wav
KarimDouaidy_Hopscotch,acoustic guitar,S02,KarimDouaidy_Hopscotch_STEM_02.wav
KarimDouaidy_Hopscotch,claps,S03,KarimDouaidy_Hopscotch_STEM_03.wav
KarimDouaidy_Hopscotch,darbuka,S04,KarimDouaidy_Hopscotch_STEM_04.wav
KarimDouaidy_Hopscotch,doumbek,S05,KarimDouaidy_Hopscotch_STEM_05.wav
KarimDouaidy_Hopscotch,acoustic guitar,S06,KarimDouaidy_Hopscotch_STEM_06.wav
KarimDouaidy_Hopscotch,oud,S07,KarimDouaidy_Hopscotch_STEM_07.wav
KarimDouaidy_Hopscotch,auxiliary percussion,S08,KarimDouaidy_Hopscotch_STEM_08.wav
KarimDouaidy_Hopscotch,piano,S09,KarimDouaidy_Hopscotch_STEM_09.wav
KarimDouaidy_Yatora,auxiliary percussion,S01,KarimDouaidy_Yatora_STEM_01.wav
KarimDouaidy_Yatora,acoustic guitar,S02,KarimDouaidy_Yatora_STEM_02.wav
KarimDouaidy_Yatora,oud,S03,KarimDouaidy_Yatora_STEM_03.wav
KarimDouaidy_Yatora,electric bass,S04,KarimDouaidy_Yatora_STEM_04.wav
KarimDouaidy_Yatora,piano,S05,KarimDouaidy_Yatora_STEM_05.wav
Katzn_CharlieKnox,auxiliary percussion,S01,Katzn_CharlieKnox_STEM_01.wav
Katzn_CharlieKnox,piano,S02,Katzn_CharlieKnox_STEM_02.wav
Katzn_CharlieKnox,Main System,S03,Katzn_CharlieKnox_STEM_03.wav
Katzn_CharlieKnox,clarinet,S04,Katzn_CharlieKnox_STEM_04.wav
Katzn_CharlieKnox,violin,S05,Katzn_CharlieKnox_STEM_05.wav
Katzn_CharlieKnox,cello,S06,Katzn_CharlieKnox_STEM_06.wav
KeithUrban_IToldYouSo,drum set,S01,KeithUrban_IToldYouSo_STEM_01.wav
KeithUrban_IToldYouSo,acoustic guitar,S02,KeithUrban_IToldYouSo_STEM_02.wav
KeithUrban_IToldYouSo,electric bass,S03,KeithUrban_IToldYouSo_STEM_03.wav
KeithUrban_IToldYouSo,Unlabeled,S04,KeithUrban_IToldYouSo_STEM_04.wav
KeithUrban_IToldYouSo,male singer,S05,KeithUrban_IToldYouSo_STEM_05.wav
KennyChesney_SheThinksMyTractorsSexy,drum set,S01,KennyChesney_SheThinksMyTractorsSexy_STEM_01.wav
KennyChesney_SheThinksMyTractorsSexy,"['acoustic guitar', 'clean electric guitar']",S02,KennyChesney_SheThinksMyTractorsSexy_STEM_02.wav
KennyChesney_SheThinksMyTractorsSexy,electric bass,S03,KennyChesney_SheThinksMyTractorsSexy_STEM_03.wav
KennyChesney_SheThinksMyTractorsSexy,Unlabeled,S04,KennyChesney_SheThinksMyTractorsSexy_STEM_04.wav
KennyChesney_SheThinksMyTractorsSexy,male singer,S05,KennyChesney_SheThinksMyTractorsSexy_STEM_05.wav
KingsOfLeon_SexOnFire,drum set,S01,KingsOfLeon_SexOnFire_STEM_01.wav
KingsOfLeon_SexOnFire,electric bass,S02,KingsOfLeon_SexOnFire_STEM_02.wav
KingsOfLeon_SexOnFire,distorted electric guitar,S03,KingsOfLeon_SexOnFire_STEM_03.wav
KingsOfLeon_SexOnFire,"['male singer', 'Unlabeled']",S04,KingsOfLeon_SexOnFire_STEM_04.wav
Kiss_RockAndRollAllNite,drum set,S01,Kiss_RockAndRollAllNite_STEM_01.wav
Kiss_RockAndRollAllNite,distorted electric guitar,S02,Kiss_RockAndRollAllNite_STEM_02.wav
Kiss_RockAndRollAllNite,electric bass,S03,Kiss_RockAndRollAllNite_STEM_03.wav
Kiss_RockAndRollAllNite,tambourine,S04,Kiss_RockAndRollAllNite_STEM_04.wav
Kiss_RockAndRollAllNite,"['male singer', 'vocalists']",S05,Kiss_RockAndRollAllNite_STEM_05.wav
Knack_MySharona,drum set,S01,Knack_MySharona_STEM_01.wav
Knack_MySharona,distorted electric guitar,S02,Knack_MySharona_STEM_02.wav
Knack_MySharona,electric bass,S03,Knack_MySharona_STEM_03.wav
Knack_MySharona,Unlabeled,S04,Knack_MySharona_STEM_04.wav
Knack_MySharona,male singer,S05,Knack_MySharona_STEM_05.wav
Korn_FreakOnALeash,drum set,S01,Korn_FreakOnALeash_STEM_01.wav
Korn_FreakOnALeash,electric bass,S02,Korn_FreakOnALeash_STEM_02.wav
Korn_FreakOnALeash,distorted electric guitar,S03,Korn_FreakOnALeash_STEM_03.wav
Korn_FreakOnALeash,Unlabeled,S04,Korn_FreakOnALeash_STEM_04.wav
Korn_FreakOnALeash,male singer,S05,Korn_FreakOnALeash_STEM_05.wav
Korn_FreakOnALeash,crowd,S06,Korn_FreakOnALeash_STEM_06.wav
KtTunstall_BlackHorseAndTheCherryTree,drum set,S01,KtTunstall_BlackHorseAndTheCherryTree_STEM_01.wav
KtTunstall_BlackHorseAndTheCherryTree,acoustic guitar,S02,KtTunstall_BlackHorseAndTheCherryTree_STEM_02.wav
KtTunstall_BlackHorseAndTheCherryTree,electric bass,S03,KtTunstall_BlackHorseAndTheCherryTree_STEM_03.wav
KtTunstall_BlackHorseAndTheCherryTree,"['female singer', 'vocalists']",S04,KtTunstall_BlackHorseAndTheCherryTree_STEM_04.wav
KtTunstall_BlackHorseAndTheCherryTree,auxiliary percussion,S05,KtTunstall_BlackHorseAndTheCherryTree_STEM_05.wav
KtTunstall_SuddenlyISee,drum set,S01,KtTunstall_SuddenlyISee_STEM_01.wav
KtTunstall_SuddenlyISee,clean electric guitar,S02,KtTunstall_SuddenlyISee_STEM_02.wav
KtTunstall_SuddenlyISee,electric bass,S03,KtTunstall_SuddenlyISee_STEM_03.wav
KtTunstall_SuddenlyISee,Unlabeled,S04,KtTunstall_SuddenlyISee_STEM_04.wav
KtTunstall_SuddenlyISee,female singer,S05,KtTunstall_SuddenlyISee_STEM_05.wav
LadyGagaFeaturingBeyonce_Telephone,synthesizer,S01,LadyGagaFeaturingBeyonce_Telephone_STEM_01.wav
LadyGagaFeaturingBeyonce_Telephone,fx/processed sound,S02,LadyGagaFeaturingBeyonce_Telephone_STEM_02.wav
LadyGagaFeaturingBeyonce_Telephone,drum machine,S03,LadyGagaFeaturingBeyonce_Telephone_STEM_03.wav
LadyGagaFeaturingBeyonce_Telephone,synthesizer,S04,LadyGagaFeaturingBeyonce_Telephone_STEM_04.wav
LadyGagaFeaturingBeyonce_Telephone,harp,S05,LadyGagaFeaturingBeyonce_Telephone_STEM_05.wav
LadyGagaFeaturingBeyonce_Telephone,vocalists,S06,LadyGagaFeaturingBeyonce_Telephone_STEM_06.wav
LadyGagaFeaturingBeyonce_Telephone,synthesizer,S07,LadyGagaFeaturingBeyonce_Telephone_STEM_07.wav
LadyGagaFeaturingBeyonce_Telephone,vocalists,S08,LadyGagaFeaturingBeyonce_Telephone_STEM_08.wav
LadyGagaFeaturingBeyonce_Telephone,female singer,S09,LadyGagaFeaturingBeyonce_Telephone_STEM_09.wav
LadyGagaFeaturingBeyonce_Telephone,synthesizer,S10,LadyGagaFeaturingBeyonce_Telephone_STEM_10.wav
LadyGagaFeaturingBeyonce_Telephone,female singer,S11,LadyGagaFeaturingBeyonce_Telephone_STEM_11.wav
LadyGaga_BadRomance,drum machine,S01,LadyGaga_BadRomance_STEM_01.wav
LadyGaga_BadRomance,"['female singer', 'vocalists', 'Unlabeled']",S02,LadyGaga_BadRomance_STEM_02.wav
LadyGaga_BadRomance,synthesizer,S03,LadyGaga_BadRomance_STEM_03.wav
LadyGaga_BadRomance,synthesizer,S04,LadyGaga_BadRomance_STEM_04.wav
LadyGaga_BornThisWay,"['drum machine', 'sampler']",S01,LadyGaga_BornThisWay_STEM_01.wav
LadyGaga_BornThisWay,synthesizer,S02,LadyGaga_BornThisWay_STEM_02.wav
LadyGaga_BornThisWay,synthesizer,S03,LadyGaga_BornThisWay_STEM_03.wav
LadyGaga_BornThisWay,Unlabeled,S04,LadyGaga_BornThisWay_STEM_04.wav
LadyGaga_BornThisWay,"['string section', 'synthesizer']",S05,LadyGaga_BornThisWay_STEM_05.wav
LadyGaga_BornThisWay,"['female singer', 'vocalists']",S06,LadyGaga_BornThisWay_STEM_06.wav
LambOfGod_Requiem,drum set,S01,LambOfGod_Requiem_STEM_01.wav
LambOfGod_Requiem,distorted electric guitar,S02,LambOfGod_Requiem_STEM_02.wav
LambOfGod_Requiem,electric bass,S03,LambOfGod_Requiem_STEM_03.wav
LambOfGod_Requiem,distorted electric guitar,S04,LambOfGod_Requiem_STEM_04.wav
LambOfGod_Requiem,distorted electric guitar,S05,LambOfGod_Requiem_STEM_05.wav
LambOfGod_Requiem,male singer,S06,LambOfGod_Requiem_STEM_06.wav
LambOfGod_Requiem,fx/processed sound,S07,LambOfGod_Requiem_STEM_07.wav
LambOfGod_Requiem,male screamer,S08,LambOfGod_Requiem_STEM_08.wav
LaRoux_Bulletproof,synthesizer,S01,LaRoux_Bulletproof_STEM_01.wav
LaRoux_Bulletproof,synthesizer,S02,LaRoux_Bulletproof_STEM_02.wav
LaRoux_Bulletproof,vocalists,S03,LaRoux_Bulletproof_STEM_03.wav
LaRoux_Bulletproof,drum machine,S04,LaRoux_Bulletproof_STEM_04.wav
LaRoux_Bulletproof,synthesizer,S05,LaRoux_Bulletproof_STEM_05.wav
LaRoux_Bulletproof,female singer,S06,LaRoux_Bulletproof_STEM_06.wav
LaRoux_Bulletproof,kick drum,S07,LaRoux_Bulletproof_STEM_07.wav
LaRoux_Bulletproof,synthesizer,S08,LaRoux_Bulletproof_STEM_08.wav
LaRoux_Bulletproof,synthesizer,S09,LaRoux_Bulletproof_STEM_09.wav
LaRoux_Bulletproof,Unlabeled,S10,LaRoux_Bulletproof_STEM_10.wav
LaRoux_Bulletproof,synthesizer,S11,LaRoux_Bulletproof_STEM_11.wav
LennyKravitz_AreYouGonnaGoMyWay,drum set,S01,LennyKravitz_AreYouGonnaGoMyWay_STEM_01.wav
LennyKravitz_AreYouGonnaGoMyWay,distorted electric guitar,S02,LennyKravitz_AreYouGonnaGoMyWay_STEM_02.wav
LennyKravitz_AreYouGonnaGoMyWay,distorted electric guitar,S03,LennyKravitz_AreYouGonnaGoMyWay_STEM_03.wav
LennyKravitz_AreYouGonnaGoMyWay,male singer,S04,LennyKravitz_AreYouGonnaGoMyWay_STEM_04.wav
LennyKravitz_AreYouGonnaGoMyWay,electric bass,S05,LennyKravitz_AreYouGonnaGoMyWay_STEM_05.wav
LennyKravitz_AreYouGonnaGoMyWay,crowd,S06,LennyKravitz_AreYouGonnaGoMyWay_STEM_06.wav
LennyKravitz_AreYouGonnaGoMyWay,Unlabeled,S07,LennyKravitz_AreYouGonnaGoMyWay_STEM_07.wav
LewisAndClarke_TheSilverSea,male singer,S01,LewisAndClarke_TheSilverSea_STEM_01.wav
LewisAndClarke_TheSilverSea,string section,S02,LewisAndClarke_TheSilverSea_STEM_02.wav
LewisAndClarke_TheSilverSea,drum set,S03,LewisAndClarke_TheSilverSea_STEM_03.wav
LewisAndClarke_TheSilverSea,acoustic guitar,S04,LewisAndClarke_TheSilverSea_STEM_04.wav
LewisAndClarke_TheSilverSea,cello,S05,LewisAndClarke_TheSilverSea_STEM_05.wav
LewisAndClarke_TheSilverSea,synthesizer,S06,LewisAndClarke_TheSilverSea_STEM_06.wav
LewisAndClarke_TheSilverSea,electric bass,S07,LewisAndClarke_TheSilverSea_STEM_07.wav
LewisAndClarke_TheSilverSea,cymbal,S08,LewisAndClarke_TheSilverSea_STEM_08.wav
LewisAndClarke_TheSilverSea,electric piano,S09,LewisAndClarke_TheSilverSea_STEM_09.wav
LewisAndClarke_TheSilverSea,male singer,S10,LewisAndClarke_TheSilverSea_STEM_10.wav
LilyAllen_NotFair,double bass,S01,LilyAllen_NotFair_STEM_01.wav
LilyAllen_NotFair,Unlabeled,S02,LilyAllen_NotFair_STEM_02.wav
LilyAllen_NotFair,drum machine,S03,LilyAllen_NotFair_STEM_03.wav
LilyAllen_NotFair,"['synthesizer', 'clean electric guitar']",S04,LilyAllen_NotFair_STEM_04.wav
LilyAllen_NotFair,female singer,S05,LilyAllen_NotFair_STEM_05.wav
LilyAllen_NotFair,Unlabeled,S06,LilyAllen_NotFair_STEM_06.wav
LilyAllen_NotFair,female singer,S07,LilyAllen_NotFair_STEM_07.wav
LilyAllen_NotFair,synthesizer,S08,LilyAllen_NotFair_STEM_08.wav
LilyAllen_NotFair,piano,S09,LilyAllen_NotFair_STEM_09.wav
LinkinPark_InTheEnd,drum set,S01,LinkinPark_InTheEnd_STEM_01.wav
LinkinPark_InTheEnd,"['clean electric guitar', 'distorted electric guitar']",S02,LinkinPark_InTheEnd_STEM_02.wav
LinkinPark_InTheEnd,electric bass,S03,LinkinPark_InTheEnd_STEM_03.wav
LinkinPark_InTheEnd,Unlabeled,S04,LinkinPark_InTheEnd_STEM_04.wav
LinkinPark_InTheEnd,"['piano', 'string section']",S05,LinkinPark_InTheEnd_STEM_05.wav
LinkinPark_InTheEnd,"['male rapper', 'male singer', 'vocalists']",S06,LinkinPark_InTheEnd_STEM_06.wav
LittleTybee_TheAlchemist,acoustic guitar,S01,LittleTybee_TheAlchemist_STEM_01.wav
LittleTybee_TheAlchemist,distorted electric guitar,S02,LittleTybee_TheAlchemist_STEM_02.wav
LittleTybee_TheAlchemist,drum set,S03,LittleTybee_TheAlchemist_STEM_03.wav
LittleTybee_TheAlchemist,clean electric guitar,S04,LittleTybee_TheAlchemist_STEM_04.wav
LittleTybee_TheAlchemist,clean electric guitar,S05,LittleTybee_TheAlchemist_STEM_05.wav
LittleTybee_TheAlchemist,electric bass,S06,LittleTybee_TheAlchemist_STEM_06.wav
LittleTybee_TheAlchemist,female singer,S07,LittleTybee_TheAlchemist_STEM_07.wav
LittleTybee_TheAlchemist,clean electric guitar,S08,LittleTybee_TheAlchemist_STEM_08.wav
LittleTybee_TheAlchemist,electric piano,S09,LittleTybee_TheAlchemist_STEM_09.wav
LittleTybee_TheAlchemist,violin,S10,LittleTybee_TheAlchemist_STEM_10.wav
Lit_MyOwnWorstEnemy,drum set,S01,Lit_MyOwnWorstEnemy_STEM_01.wav
Lit_MyOwnWorstEnemy,distorted electric guitar,S02,Lit_MyOwnWorstEnemy_STEM_02.wav
Lit_MyOwnWorstEnemy,electric bass,S03,Lit_MyOwnWorstEnemy_STEM_03.wav
Lit_MyOwnWorstEnemy,Unlabeled,S04,Lit_MyOwnWorstEnemy_STEM_04.wav
Lit_MyOwnWorstEnemy,male singer,S05,Lit_MyOwnWorstEnemy_STEM_05.wav
Lit_MyOwnWorstEnemy,crowd,S06,Lit_MyOwnWorstEnemy_STEM_06.wav
Live_IAlone,"['male singer', 'vocalists']",S01,Live_IAlone_STEM_01.wav
Live_IAlone,drum set,S02,Live_IAlone_STEM_02.wav
Live_IAlone,electric bass,S03,Live_IAlone_STEM_03.wav
Live_IAlone,"['clean electric guitar', 'distorted electric guitar']",S04,Live_IAlone_STEM_04.wav
LizNelson_Coldwar,acoustic guitar,S01,LizNelson_Coldwar_STEM_01.wav
LizNelson_Coldwar,female singer,S02,LizNelson_Coldwar_STEM_02.wav
LizNelson_ImComingHome,female singer,S01,LizNelson_ImComingHome_STEM_01.wav
LizNelson_ImComingHome,female singer,S02,LizNelson_ImComingHome_STEM_02.wav
LizNelson_ImComingHome,female singer,S03,LizNelson_ImComingHome_STEM_03.wav
LizNelson_ImComingHome,female singer,S04,LizNelson_ImComingHome_STEM_04.wav
LizNelson_Rainfall,female singer,S01,LizNelson_Rainfall_STEM_01.wav
LizNelson_Rainfall,female singer,S02,LizNelson_Rainfall_STEM_02.wav
LizNelson_Rainfall,female singer,S03,LizNelson_Rainfall_STEM_03.wav
LizNelson_Rainfall,acoustic guitar,S04,LizNelson_Rainfall_STEM_04.wav
LizNelson_Rainfall,clean electric guitar,S05,LizNelson_Rainfall_STEM_05.wav
LoquilloYLosTrogloditas_CadillacSolitario,drum set,S01,LoquilloYLosTrogloditas_CadillacSolitario_STEM_01.wav
LoquilloYLosTrogloditas_CadillacSolitario,distorted electric guitar,S02,LoquilloYLosTrogloditas_CadillacSolitario_STEM_02.wav
LoquilloYLosTrogloditas_CadillacSolitario,electric bass,S03,LoquilloYLosTrogloditas_CadillacSolitario_STEM_03.wav
LoquilloYLosTrogloditas_CadillacSolitario,male singer,S04,LoquilloYLosTrogloditas_CadillacSolitario_STEM_04.wav
LoquilloYLosTrogloditas_CadillacSolitario,Unlabeled,S05,LoquilloYLosTrogloditas_CadillacSolitario_STEM_05.wav
LosLobos_LaBamba,drum set,S01,LosLobos_LaBamba_STEM_01.wav
LosLobos_LaBamba,electric bass,S02,LosLobos_LaBamba_STEM_02.wav
LosLobos_LaBamba,clean electric guitar,S03,LosLobos_LaBamba_STEM_03.wav
LosLobos_LaBamba,Unlabeled,S04,LosLobos_LaBamba_STEM_04.wav
LosLobos_LaBamba,"['male singer', 'vocalists']",S05,LosLobos_LaBamba_STEM_05.wav
LosLobos_LaBamba,crowd,S06,LosLobos_LaBamba_STEM_06.wav
Lushlife_ToynbeeSuite,brass section,S01,Lushlife_ToynbeeSuite_STEM_01.wav
Lushlife_ToynbeeSuite,drum machine,S02,Lushlife_ToynbeeSuite_STEM_02.wav
Lushlife_ToynbeeSuite,claps,S03,Lushlife_ToynbeeSuite_STEM_03.wav
Lushlife_ToynbeeSuite,clarinet,S04,Lushlife_ToynbeeSuite_STEM_04.wav
Lushlife_ToynbeeSuite,synthesizer,S05,Lushlife_ToynbeeSuite_STEM_05.wav
Lushlife_ToynbeeSuite,drum machine,S06,Lushlife_ToynbeeSuite_STEM_06.wav
Lushlife_ToynbeeSuite,drum set,S07,Lushlife_ToynbeeSuite_STEM_07.wav
Lushlife_ToynbeeSuite,electric bass,S08,Lushlife_ToynbeeSuite_STEM_08.wav
Lushlife_ToynbeeSuite,glockenspiel,S09,Lushlife_ToynbeeSuite_STEM_09.wav
Lushlife_ToynbeeSuite,clean electric guitar,S10,Lushlife_ToynbeeSuite_STEM_10.wav
Lushlife_ToynbeeSuite,clean electric guitar,S11,Lushlife_ToynbeeSuite_STEM_11.wav
Lushlife_ToynbeeSuite,clean electric guitar,S12,Lushlife_ToynbeeSuite_STEM_12.wav
Lushlife_ToynbeeSuite,horn section,S13,Lushlife_ToynbeeSuite_STEM_13.wav
Lushlife_ToynbeeSuite,trumpet section,S14,Lushlife_ToynbeeSuite_STEM_14.wav
Lushlife_ToynbeeSuite,fx/processed sound,S15,Lushlife_ToynbeeSuite_STEM_15.wav
Lushlife_ToynbeeSuite,synthesizer,S16,Lushlife_ToynbeeSuite_STEM_16.wav
Lushlife_ToynbeeSuite,male rapper,S17,Lushlife_ToynbeeSuite_STEM_17.wav
Lushlife_ToynbeeSuite,male rapper,S18,Lushlife_ToynbeeSuite_STEM_18.wav
Lushlife_ToynbeeSuite,synthesizer,S19,Lushlife_ToynbeeSuite_STEM_19.wav
Lushlife_ToynbeeSuite,fx/processed sound,S20,Lushlife_ToynbeeSuite_STEM_20.wav
Lushlife_ToynbeeSuite,synthesizer,S21,Lushlife_ToynbeeSuite_STEM_21.wav
Lushlife_ToynbeeSuite,drum machine,S22,Lushlife_ToynbeeSuite_STEM_22.wav
Lushlife_ToynbeeSuite,piano,S23,Lushlife_ToynbeeSuite_STEM_23.wav
Lushlife_ToynbeeSuite,string section,S24,Lushlife_ToynbeeSuite_STEM_24.wav
Lushlife_ToynbeeSuite,scratches,S25,Lushlife_ToynbeeSuite_STEM_25.wav
Lushlife_ToynbeeSuite,male rapper,S26,Lushlife_ToynbeeSuite_STEM_26.wav
LynyrdSkynyrd_FreeBird,drum set,S01,LynyrdSkynyrd_FreeBird_STEM_01.wav
LynyrdSkynyrd_FreeBird,"['acoustic guitar', 'clean electric guitar']",S02,LynyrdSkynyrd_FreeBird_STEM_02.wav
LynyrdSkynyrd_FreeBird,electric bass,S03,LynyrdSkynyrd_FreeBird_STEM_03.wav
LynyrdSkynyrd_FreeBird,Unlabeled,S04,LynyrdSkynyrd_FreeBird_STEM_04.wav
LynyrdSkynyrd_FreeBird,male singer,S05,LynyrdSkynyrd_FreeBird_STEM_05.wav
Maroon5_ThisLove,drum set,S01,Maroon5_ThisLove_STEM_01.wav
Maroon5_ThisLove,Unlabeled,S02,Maroon5_ThisLove_STEM_02.wav
Maroon5_ThisLove,electric bass,S03,Maroon5_ThisLove_STEM_03.wav
Maroon5_ThisLove,"['male singer', 'vocalists']",S04,Maroon5_ThisLove_STEM_04.wav
Maroon5_ThisLove,Unlabeled,S05,Maroon5_ThisLove_STEM_05.wav
MartinaMcbride_ThisOnesForTheGirls,drum set,S01,MartinaMcbride_ThisOnesForTheGirls_STEM_01.wav
MartinaMcbride_ThisOnesForTheGirls,distorted electric guitar,S02,MartinaMcbride_ThisOnesForTheGirls_STEM_02.wav
MartinaMcbride_ThisOnesForTheGirls,electric bass,S03,MartinaMcbride_ThisOnesForTheGirls_STEM_03.wav
MartinaMcbride_ThisOnesForTheGirls,"['female singer', 'vocalists']",S04,MartinaMcbride_ThisOnesForTheGirls_STEM_04.wav
MartinaMcbride_ThisOnesForTheGirls,distorted electric guitar,S05,MartinaMcbride_ThisOnesForTheGirls_STEM_05.wav
MartinaMcbride_ThisOnesForTheGirls,Unlabeled,S06,MartinaMcbride_ThisOnesForTheGirls_STEM_06.wav
MarvinGaye_IHeardItThroughTheGrapevine,Unlabeled,S01,MarvinGaye_IHeardItThroughTheGrapevine_STEM_01.wav
MarvinGaye_IHeardItThroughTheGrapevine,"['synthesizer', 'string section']",S02,MarvinGaye_IHeardItThroughTheGrapevine_STEM_02.wav
MarvinGaye_IHeardItThroughTheGrapevine,electric bass,S03,MarvinGaye_IHeardItThroughTheGrapevine_STEM_03.wav
MarvinGaye_IHeardItThroughTheGrapevine,Unlabeled,S04,MarvinGaye_IHeardItThroughTheGrapevine_STEM_04.wav
MarvinGaye_IHeardItThroughTheGrapevine,Unlabeled,S05,MarvinGaye_IHeardItThroughTheGrapevine_STEM_05.wav
MarvinGaye_IHeardItThroughTheGrapevine,"['male singer', 'vocalists']",S06,MarvinGaye_IHeardItThroughTheGrapevine_STEM_06.wav
MarvinGaye_WhatsGoingOn,alto saxophone,S01,MarvinGaye_WhatsGoingOn_STEM_01.wav
MarvinGaye_WhatsGoingOn,piano,S02,MarvinGaye_WhatsGoingOn_STEM_02.wav
MarvinGaye_WhatsGoingOn,vibraphone,S03,MarvinGaye_WhatsGoingOn_STEM_03.wav
MarvinGaye_WhatsGoingOn,string section,S04,MarvinGaye_WhatsGoingOn_STEM_04.wav
MarvinGaye_WhatsGoingOn,vocalists,S05,MarvinGaye_WhatsGoingOn_STEM_05.wav
MarvinGaye_WhatsGoingOn,drum set,S06,MarvinGaye_WhatsGoingOn_STEM_06.wav
MarvinGaye_WhatsGoingOn,electric bass,S07,MarvinGaye_WhatsGoingOn_STEM_07.wav
MarvinGaye_WhatsGoingOn,acoustic guitar,S08,MarvinGaye_WhatsGoingOn_STEM_08.wav
MarvinGaye_WhatsGoingOn,"['vocalists', 'snaps']",S09,MarvinGaye_WhatsGoingOn_STEM_09.wav
MarvinGaye_WhatsGoingOn,clean electric guitar,S10,MarvinGaye_WhatsGoingOn_STEM_10.wav
MarvinGaye_WhatsGoingOn,bongo,S11,MarvinGaye_WhatsGoingOn_STEM_11.wav
MarvinGaye_WhatsGoingOn,male singer,S12,MarvinGaye_WhatsGoingOn_STEM_12.wav
MatthewEntwistle_AnEveningWithOliver,cello,S01,MatthewEntwistle_AnEveningWithOliver_STEM_01.wav
MatthewEntwistle_AnEveningWithOliver,cello,S02,MatthewEntwistle_AnEveningWithOliver_STEM_02.wav
MatthewEntwistle_AnEveningWithOliver,clarinet,S03,MatthewEntwistle_AnEveningWithOliver_STEM_03.wav
MatthewEntwistle_AnEveningWithOliver,bassoon,S04,MatthewEntwistle_AnEveningWithOliver_STEM_04.wav
MatthewEntwistle_AnEveningWithOliver,bongo,S05,MatthewEntwistle_AnEveningWithOliver_STEM_05.wav
MatthewEntwistle_AnEveningWithOliver,vocalists,S06,MatthewEntwistle_AnEveningWithOliver_STEM_06.wav
MatthewEntwistle_AnEveningWithOliver,double bass,S07,MatthewEntwistle_AnEveningWithOliver_STEM_07.wav
MatthewEntwistle_AnEveningWithOliver,glockenspiel,S08,MatthewEntwistle_AnEveningWithOliver_STEM_08.wav
MatthewEntwistle_AnEveningWithOliver,harp,S09,MatthewEntwistle_AnEveningWithOliver_STEM_09.wav
MatthewEntwistle_AnEveningWithOliver,french horn section,S10,MatthewEntwistle_AnEveningWithOliver_STEM_10.wav
MatthewEntwistle_AnEveningWithOliver,piano,S11,MatthewEntwistle_AnEveningWithOliver_STEM_11.wav
MatthewEntwistle_AnEveningWithOliver,flute,S12,MatthewEntwistle_AnEveningWithOliver_STEM_12.wav
MatthewEntwistle_AnEveningWithOliver,oboe,S13,MatthewEntwistle_AnEveningWithOliver_STEM_13.wav
MatthewEntwistle_AnEveningWithOliver,viola,S14,MatthewEntwistle_AnEveningWithOliver_STEM_14.wav
MatthewEntwistle_AnEveningWithOliver,viola,S15,MatthewEntwistle_AnEveningWithOliver_STEM_15.wav
MatthewEntwistle_AnEveningWithOliver,violin,S16,MatthewEntwistle_AnEveningWithOliver_STEM_16.wav
MatthewEntwistle_AnEveningWithOliver,violin,S17,MatthewEntwistle_AnEveningWithOliver_STEM_17.wav
MatthewEntwistle_AnEveningWithOliver,violin,S18,MatthewEntwistle_AnEveningWithOliver_STEM_18.wav
MatthewEntwistle_AnEveningWithOliver,violin,S19,MatthewEntwistle_AnEveningWithOliver_STEM_19.wav
MatthewEntwistle_AnEveningWithOliver,violin,S20,MatthewEntwistle_AnEveningWithOliver_STEM_20.wav
MatthewEntwistle_AnEveningWithOliver,violin,S21,MatthewEntwistle_AnEveningWithOliver_STEM_21.wav
MatthewEntwistle_AnEveningWithOliver,violin,S22,MatthewEntwistle_AnEveningWithOliver_STEM_22.wav
MatthewEntwistle_AnEveningWithOliver,violin,S23,MatthewEntwistle_AnEveningWithOliver_STEM_23.wav
MatthewEntwistle_AnEveningWithOliver,violin section,S24,MatthewEntwistle_AnEveningWithOliver_STEM_24.wav
MatthewEntwistle_DontYouEver,double bass,S01,MatthewEntwistle_DontYouEver_STEM_01.wav
MatthewEntwistle_DontYouEver,piano,S02,MatthewEntwistle_DontYouEver_STEM_02.wav
MatthewEntwistle_DontYouEver,brass section,S03,MatthewEntwistle_DontYouEver_STEM_03.wav
MatthewEntwistle_DontYouEver,drum set,S04,MatthewEntwistle_DontYouEver_STEM_04.wav
MatthewEntwistle_DontYouEver,violin section,S05,MatthewEntwistle_DontYouEver_STEM_05.wav
MatthewEntwistle_DontYouEver,violin section,S06,MatthewEntwistle_DontYouEver_STEM_06.wav
MatthewEntwistle_DontYouEver,male singer,S07,MatthewEntwistle_DontYouEver_STEM_07.wav
MatthewEntwistle_FairerHopes,bass drum,S01,MatthewEntwistle_FairerHopes_STEM_01.wav
MatthewEntwistle_FairerHopes,cello section,S02,MatthewEntwistle_FairerHopes_STEM_02.wav
MatthewEntwistle_FairerHopes,cello section,S03,MatthewEntwistle_FairerHopes_STEM_03.wav
MatthewEntwistle_FairerHopes,cello section,S04,MatthewEntwistle_FairerHopes_STEM_04.wav
MatthewEntwistle_FairerHopes,clarinet section,S05,MatthewEntwistle_FairerHopes_STEM_05.wav
MatthewEntwistle_FairerHopes,cymbal,S06,MatthewEntwistle_FairerHopes_STEM_06.wav
MatthewEntwistle_FairerHopes,double bass,S07,MatthewEntwistle_FairerHopes_STEM_07.wav
MatthewEntwistle_FairerHopes,double bass,S08,MatthewEntwistle_FairerHopes_STEM_08.wav
MatthewEntwistle_FairerHopes,gong,S09,MatthewEntwistle_FairerHopes_STEM_09.wav
MatthewEntwistle_FairerHopes,harp,S10,MatthewEntwistle_FairerHopes_STEM_10.wav
MatthewEntwistle_FairerHopes,french horn,S11,MatthewEntwistle_FairerHopes_STEM_11.wav
MatthewEntwistle_FairerHopes,french horn,S12,MatthewEntwistle_FairerHopes_STEM_12.wav
MatthewEntwistle_FairerHopes,piano,S13,MatthewEntwistle_FairerHopes_STEM_13.wav
MatthewEntwistle_FairerHopes,flute,S14,MatthewEntwistle_FairerHopes_STEM_14.wav
MatthewEntwistle_FairerHopes,string section,S15,MatthewEntwistle_FairerHopes_STEM_15.wav
MatthewEntwistle_FairerHopes,violin section,S16,MatthewEntwistle_FairerHopes_STEM_16.wav
MatthewEntwistle_FairerHopes,violin section,S17,MatthewEntwistle_FairerHopes_STEM_17.wav
MatthewEntwistle_FairerHopes,violin section,S18,MatthewEntwistle_FairerHopes_STEM_18.wav
MatthewEntwistle_ImpressionsOfSaturn,cello,S01,MatthewEntwistle_ImpressionsOfSaturn_STEM_01.wav
MatthewEntwistle_ImpressionsOfSaturn,fx/processed sound,S02,MatthewEntwistle_ImpressionsOfSaturn_STEM_02.wav
MatthewEntwistle_ImpressionsOfSaturn,fx/processed sound,S03,MatthewEntwistle_ImpressionsOfSaturn_STEM_03.wav
MatthewEntwistle_ImpressionsOfSaturn,fx/processed sound,S04,MatthewEntwistle_ImpressionsOfSaturn_STEM_04.wav
MatthewEntwistle_ImpressionsOfSaturn,fx/processed sound,S05,MatthewEntwistle_ImpressionsOfSaturn_STEM_05.wav
MatthewEntwistle_ImpressionsOfSaturn,piano,S06,MatthewEntwistle_ImpressionsOfSaturn_STEM_06.wav
MatthewEntwistle_ImpressionsOfSaturn,viola,S07,MatthewEntwistle_ImpressionsOfSaturn_STEM_07.wav
MatthewEntwistle_ImpressionsOfSaturn,violin,S08,MatthewEntwistle_ImpressionsOfSaturn_STEM_08.wav
MatthewEntwistle_ImpressionsOfSaturn,violin,S09,MatthewEntwistle_ImpressionsOfSaturn_STEM_09.wav
MatthewEntwistle_Lontano,piano,S01,MatthewEntwistle_Lontano_STEM_01.wav
MatthewEntwistle_Lontano,female singer,S02,MatthewEntwistle_Lontano_STEM_02.wav
MatthewEntwistle_ReturnToVenezia,viola,S01,MatthewEntwistle_ReturnToVenezia_STEM_01.wav
MatthewEntwistle_ReturnToVenezia,piano,S02,MatthewEntwistle_ReturnToVenezia_STEM_02.wav
MatthewEntwistle_TheArch,fx/processed sound,S01,MatthewEntwistle_TheArch_STEM_01.wav
MatthewEntwistle_TheArch,fx/processed sound,S02,MatthewEntwistle_TheArch_STEM_02.wav
MatthewEntwistle_TheArch,synthesizer,S03,MatthewEntwistle_TheArch_STEM_03.wav
MatthewEntwistle_TheArch,gong,S04,MatthewEntwistle_TheArch_STEM_04.wav
MatthewEntwistle_TheArch,cello section,S05,MatthewEntwistle_TheArch_STEM_05.wav
MatthewEntwistle_TheArch,cello section,S06,MatthewEntwistle_TheArch_STEM_06.wav
MatthewEntwistle_TheArch,flute section,S07,MatthewEntwistle_TheArch_STEM_07.wav
MatthewEntwistle_TheArch,fx/processed sound,S08,MatthewEntwistle_TheArch_STEM_08.wav
MatthewEntwistle_TheArch,french horn section,S09,MatthewEntwistle_TheArch_STEM_09.wav
MatthewEntwistle_TheArch,bamboo flute,S10,MatthewEntwistle_TheArch_STEM_10.wav
MatthewEntwistle_TheArch,piccolo,S11,MatthewEntwistle_TheArch_STEM_11.wav
MatthewEntwistle_TheArch,trombone section,S12,MatthewEntwistle_TheArch_STEM_12.wav
MatthewEntwistle_TheArch,trumpet section,S13,MatthewEntwistle_TheArch_STEM_13.wav
MatthewEntwistle_TheArch,viola section,S14,MatthewEntwistle_TheArch_STEM_14.wav
MatthewEntwistle_TheArch,violin section,S15,MatthewEntwistle_TheArch_STEM_15.wav
MatthewEntwistle_TheArch,violin section,S16,MatthewEntwistle_TheArch_STEM_16.wav
MatthewEntwistle_TheArch,fx/processed sound,S17,MatthewEntwistle_TheArch_STEM_17.wav
MatthewEntwistle_TheArch,piano,S18,MatthewEntwistle_TheArch_STEM_18.wav
MatthewEntwistle_TheArch,cymbal,S19,MatthewEntwistle_TheArch_STEM_19.wav
MatthewEntwistle_TheFlaxenField,cello,S01,MatthewEntwistle_TheFlaxenField_STEM_01.wav
MatthewEntwistle_TheFlaxenField,clarinet,S02,MatthewEntwistle_TheFlaxenField_STEM_02.wav
MatthewEntwistle_TheFlaxenField,piano,S03,MatthewEntwistle_TheFlaxenField_STEM_03.wav
MatthewEntwistle_TheFlaxenField,violin,S04,MatthewEntwistle_TheFlaxenField_STEM_04.wav
MatthewEntwistle_TheFlaxenField,violin,S05,MatthewEntwistle_TheFlaxenField_STEM_05.wav
McFrontalot_LivinOnTheCornerOfDudeAndCatastrophe,drum set,S01,McFrontalot_LivinOnTheCornerOfDudeAndCatastrophe_STEM_01.wav
McFrontalot_LivinOnTheCornerOfDudeAndCatastrophe,distorted electric guitar,S02,McFrontalot_LivinOnTheCornerOfDudeAndCatastrophe_STEM_02.wav
McFrontalot_LivinOnTheCornerOfDudeAndCatastrophe,electric bass,S03,McFrontalot_LivinOnTheCornerOfDudeAndCatastrophe_STEM_03.wav
McFrontalot_LivinOnTheCornerOfDudeAndCatastrophe,Unlabeled,S04,McFrontalot_LivinOnTheCornerOfDudeAndCatastrophe_STEM_04.wav
McFrontalot_LivinOnTheCornerOfDudeAndCatastrophe,"['male singer', 'male rapper']",S05,McFrontalot_LivinOnTheCornerOfDudeAndCatastrophe_STEM_05.wav
Meaxic_TakeAStep,electric bass,S01,Meaxic_TakeAStep_STEM_01.wav
Meaxic_TakeAStep,clean electric guitar,S02,Meaxic_TakeAStep_STEM_02.wav
Meaxic_TakeAStep,distorted electric guitar,S03,Meaxic_TakeAStep_STEM_03.wav
Meaxic_TakeAStep,male singer,S04,Meaxic_TakeAStep_STEM_04.wav
Meaxic_TakeAStep,drum set,S05,Meaxic_TakeAStep_STEM_05.wav
Meaxic_TakeAStep,vocalists,S06,Meaxic_TakeAStep_STEM_06.wav
Meaxic_TakeAStep,vocalists,S07,Meaxic_TakeAStep_STEM_07.wav
Meaxic_TakeAStep,vocalists,S08,Meaxic_TakeAStep_STEM_08.wav
Meaxic_YouListen,male singer,S01,Meaxic_YouListen_STEM_01.wav
Meaxic_YouListen,vocalists,S02,Meaxic_YouListen_STEM_02.wav
Meaxic_YouListen,acoustic guitar,S03,Meaxic_YouListen_STEM_03.wav
Meaxic_YouListen,electric bass,S04,Meaxic_YouListen_STEM_04.wav
Meaxic_YouListen,clean electric guitar,S05,Meaxic_YouListen_STEM_05.wav
Meaxic_YouListen,distorted electric guitar,S06,Meaxic_YouListen_STEM_06.wav
Meaxic_YouListen,drum set,S07,Meaxic_YouListen_STEM_07.wav
MichaelJackson_BeatIt,drum set,S01,MichaelJackson_BeatIt_STEM_01.wav
MichaelJackson_BeatIt,"['electric bass', 'synthesizer']",S02,MichaelJackson_BeatIt_STEM_02.wav
MichaelJackson_BeatIt,distorted electric guitar,S03,MichaelJackson_BeatIt_STEM_03.wav
MichaelJackson_BeatIt,Unlabeled,S04,MichaelJackson_BeatIt_STEM_04.wav
MichaelJackson_BeatIt,"['male singer', 'vocalists']",S05,MichaelJackson_BeatIt_STEM_05.wav
MichaelJackson_BeatIt,crowd,S06,MichaelJackson_BeatIt_STEM_06.wav
MichaelKropf_AllGoodThings,piano,S01,MichaelKropf_AllGoodThings_STEM_01.wav
MichaelKropf_AllGoodThings,violin,S02,MichaelKropf_AllGoodThings_STEM_02.wav
MidnightBlue_HuntingSeason,male singer,S01,MidnightBlue_HuntingSeason_STEM_01.wav
MidnightBlue_HuntingSeason,male singer,S02,MidnightBlue_HuntingSeason_STEM_02.wav
MidnightBlue_HuntingSeason,distorted electric guitar,S03,MidnightBlue_HuntingSeason_STEM_03.wav
MidnightBlue_HuntingSeason,distorted electric guitar,S04,MidnightBlue_HuntingSeason_STEM_04.wav
MidnightBlue_HuntingSeason,drum set,S05,MidnightBlue_HuntingSeason_STEM_05.wav
MidnightBlue_HuntingSeason,electric bass,S06,MidnightBlue_HuntingSeason_STEM_06.wav
MidnightBlue_HuntingSeason,distorted electric guitar,S07,MidnightBlue_HuntingSeason_STEM_07.wav
MidnightBlue_HuntingSeason,piano,S08,MidnightBlue_HuntingSeason_STEM_08.wav
MidnightBlue_StarsAreScreaming,distorted electric guitar,S01,MidnightBlue_StarsAreScreaming_STEM_01.wav
MidnightBlue_StarsAreScreaming,drum set,S02,MidnightBlue_StarsAreScreaming_STEM_02.wav
MidnightBlue_StarsAreScreaming,electric bass,S03,MidnightBlue_StarsAreScreaming_STEM_03.wav
MidnightBlue_StarsAreScreaming,distorted electric guitar,S04,MidnightBlue_StarsAreScreaming_STEM_04.wav
MidnightBlue_StarsAreScreaming,distorted electric guitar,S05,MidnightBlue_StarsAreScreaming_STEM_05.wav
MidnightBlue_StarsAreScreaming,male singer,S06,MidnightBlue_StarsAreScreaming_STEM_06.wav
MidnightBlue_StarsAreScreaming,male singer,S07,MidnightBlue_StarsAreScreaming_STEM_07.wav
MightyMightyBosstones_WheredYouGo,drum set,S01,MightyMightyBosstones_WheredYouGo_STEM_01.wav
MightyMightyBosstones_WheredYouGo,"['distorted electric guitar', 'clean electric guitar']",S02,MightyMightyBosstones_WheredYouGo_STEM_02.wav
MightyMightyBosstones_WheredYouGo,electric bass,S03,MightyMightyBosstones_WheredYouGo_STEM_03.wav
MightyMightyBosstones_WheredYouGo,Unlabeled,S04,MightyMightyBosstones_WheredYouGo_STEM_04.wav
MightyMightyBosstones_WheredYouGo,male singer,S05,MightyMightyBosstones_WheredYouGo_STEM_05.wav
MikeOldfield_Quicksilver,piano,S01,MikeOldfield_Quicksilver_STEM_01.wav
MikeOldfield_Quicksilver,synthesizer,S02,MikeOldfield_Quicksilver_STEM_02.wav
MikeOldfield_Quicksilver,clean electric guitar,S03,MikeOldfield_Quicksilver_STEM_03.wav
MikeOldfield_Quicksilver,synthesizer,S04,MikeOldfield_Quicksilver_STEM_04.wav
MikeOldfield_Quicksilver,synthesizer,S05,MikeOldfield_Quicksilver_STEM_05.wav
MikeOldfield_Quicksilver,drum machine,S06,MikeOldfield_Quicksilver_STEM_06.wav
MikeOldfield_Quicksilver,synthesizer,S07,MikeOldfield_Quicksilver_STEM_07.wav
MikeOldfield_Quicksilver,synthesizer,S08,MikeOldfield_Quicksilver_STEM_08.wav
MileyCyrus_7Things,drum set,S01,MileyCyrus_7Things_STEM_01.wav
MileyCyrus_7Things,"['acoustic guitar', 'distorted electric guitar']",S02,MileyCyrus_7Things_STEM_02.wav
MileyCyrus_7Things,electric bass,S03,MileyCyrus_7Things_STEM_03.wav
MileyCyrus_7Things,"['female singer', 'vocalists']",S04,MileyCyrus_7Things_STEM_04.wav
MileyCyrus_7Things,Unlabeled,S05,MileyCyrus_7Things_STEM_05.wav
MirandaCosgrove_HeadphonesOn,drum set,S01,MirandaCosgrove_HeadphonesOn_STEM_01.wav
MirandaCosgrove_HeadphonesOn,distorted electric guitar,S02,MirandaCosgrove_HeadphonesOn_STEM_02.wav
MirandaCosgrove_HeadphonesOn,electric bass,S03,MirandaCosgrove_HeadphonesOn_STEM_03.wav
MirandaCosgrove_HeadphonesOn,Unlabeled,S04,MirandaCosgrove_HeadphonesOn_STEM_04.wav
MirandaCosgrove_HeadphonesOn,female singer,S05,MirandaCosgrove_HeadphonesOn_STEM_05.wav
Misfits_AstroZombies,drum set,S01,Misfits_AstroZombies_STEM_01.wav
Misfits_AstroZombies,distorted electric guitar,S02,Misfits_AstroZombies_STEM_02.wav
Misfits_AstroZombies,electric bass,S03,Misfits_AstroZombies_STEM_03.wav
Misfits_AstroZombies,"['male singer', 'vocalists']",S04,Misfits_AstroZombies_STEM_04.wav
ModestMouse_FloatOn,drum set,S01,ModestMouse_FloatOn_STEM_01.wav
ModestMouse_FloatOn,electric bass,S02,ModestMouse_FloatOn_STEM_02.wav
ModestMouse_FloatOn,clean electric guitar,S03,ModestMouse_FloatOn_STEM_03.wav
ModestMouse_FloatOn,Unlabeled,S04,ModestMouse_FloatOn_STEM_04.wav
ModestMouse_FloatOn,"['male singer', 'vocalists']",S05,ModestMouse_FloatOn_STEM_05.wav
ModestMouse_FloatOn,crowd,S06,ModestMouse_FloatOn_STEM_06.wav
Mozart_BesterJungling,female singer,S01,Mozart_BesterJungling_STEM_01.wav
Mozart_BesterJungling,piano,S02,Mozart_BesterJungling_STEM_02.wav
Mozart_DiesBildnis,male singer,S01,Mozart_DiesBildnis_STEM_01.wav
Mozart_DiesBildnis,piano,S02,Mozart_DiesBildnis_STEM_02.wav
Muffs_KidsInAmerica,drum set,S01,Muffs_KidsInAmerica_STEM_01.wav
Muffs_KidsInAmerica,distorted electric guitar,S02,Muffs_KidsInAmerica_STEM_02.wav
Muffs_KidsInAmerica,electric bass,S03,Muffs_KidsInAmerica_STEM_03.wav
Muffs_KidsInAmerica,Unlabeled,S04,Muffs_KidsInAmerica_STEM_04.wav
Muffs_KidsInAmerica,female singer,S05,Muffs_KidsInAmerica_STEM_05.wav
Muffs_KidsInAmerica,crowd,S06,Muffs_KidsInAmerica_STEM_06.wav
Muse_Hysteria,drum set,S01,Muse_Hysteria_STEM_01.wav
Muse_Hysteria,distorted electric guitar,S02,Muse_Hysteria_STEM_02.wav
Muse_Hysteria,synthesizer,S03,Muse_Hysteria_STEM_03.wav
Muse_Hysteria,Unlabeled,S04,Muse_Hysteria_STEM_04.wav
Muse_Hysteria,male singer,S05,Muse_Hysteria_STEM_05.wav
MusicDelta_80sRock,drum set,S01,MusicDelta_80sRock_STEM_01.wav
MusicDelta_80sRock,electric bass,S02,MusicDelta_80sRock_STEM_02.wav
MusicDelta_80sRock,distorted electric guitar,S03,MusicDelta_80sRock_STEM_03.wav
MusicDelta_80sRock,male singer,S04,MusicDelta_80sRock_STEM_04.wav
MusicDelta_Beatles,drum set,S01,MusicDelta_Beatles_STEM_01.wav
MusicDelta_Beatles,electric bass,S02,MusicDelta_Beatles_STEM_02.wav
MusicDelta_Beatles,clean electric guitar,S03,MusicDelta_Beatles_STEM_03.wav
MusicDelta_Beatles,clean electric guitar,S04,MusicDelta_Beatles_STEM_04.wav
MusicDelta_Beatles,acoustic guitar,S05,MusicDelta_Beatles_STEM_05.wav
MusicDelta_Beatles,clean electric guitar,S06,MusicDelta_Beatles_STEM_06.wav
MusicDelta_Beatles,male singer,S07,MusicDelta_Beatles_STEM_07.wav
MusicDelta_Beatles,female singer,S08,MusicDelta_Beatles_STEM_08.wav
MusicDelta_BebopJazz,drum set,S01,MusicDelta_BebopJazz_STEM_01.wav
MusicDelta_BebopJazz,double bass,S02,MusicDelta_BebopJazz_STEM_02.wav
MusicDelta_BebopJazz,piano,S03,MusicDelta_BebopJazz_STEM_03.wav
MusicDelta_BebopJazz,tenor saxophone,S04,MusicDelta_BebopJazz_STEM_04.wav
MusicDelta_BebopJazz,trumpet,S05,MusicDelta_BebopJazz_STEM_05.wav
MusicDelta_Beethoven,violin section,S01,MusicDelta_Beethoven_STEM_01.wav
MusicDelta_Beethoven,violin section,S02,MusicDelta_Beethoven_STEM_02.wav
MusicDelta_Beethoven,viola,S03,MusicDelta_Beethoven_STEM_03.wav
MusicDelta_Beethoven,cello,S04,MusicDelta_Beethoven_STEM_04.wav
MusicDelta_Beethoven,double bass,S05,MusicDelta_Beethoven_STEM_05.wav
MusicDelta_Beethoven,flute,S06,MusicDelta_Beethoven_STEM_06.wav
MusicDelta_Beethoven,flute,S07,MusicDelta_Beethoven_STEM_07.wav
MusicDelta_Beethoven,clarinet,S08,MusicDelta_Beethoven_STEM_08.wav
MusicDelta_Beethoven,clarinet,S09,MusicDelta_Beethoven_STEM_09.wav
MusicDelta_Beethoven,oboe,S10,MusicDelta_Beethoven_STEM_10.wav
MusicDelta_Beethoven,oboe,S11,MusicDelta_Beethoven_STEM_11.wav
MusicDelta_Beethoven,bassoon,S12,MusicDelta_Beethoven_STEM_12.wav
MusicDelta_Beethoven,bassoon,S13,MusicDelta_Beethoven_STEM_13.wav
MusicDelta_Beethoven,trumpet,S14,MusicDelta_Beethoven_STEM_14.wav
MusicDelta_Beethoven,trumpet,S15,MusicDelta_Beethoven_STEM_15.wav
MusicDelta_Beethoven,french horn,S16,MusicDelta_Beethoven_STEM_16.wav
MusicDelta_Beethoven,french horn,S17,MusicDelta_Beethoven_STEM_17.wav
MusicDelta_Beethoven,timpani,S18,MusicDelta_Beethoven_STEM_18.wav
MusicDelta_Britpop,drum set,S01,MusicDelta_Britpop_STEM_01.wav
MusicDelta_Britpop,electric bass,S02,MusicDelta_Britpop_STEM_02.wav
MusicDelta_Britpop,distorted electric guitar,S03,MusicDelta_Britpop_STEM_03.wav
MusicDelta_Britpop,clean electric guitar,S04,MusicDelta_Britpop_STEM_04.wav
MusicDelta_Britpop,clean electric guitar,S05,MusicDelta_Britpop_STEM_05.wav
MusicDelta_Britpop,clean electric guitar,S06,MusicDelta_Britpop_STEM_06.wav
MusicDelta_Britpop,female singer,S07,MusicDelta_Britpop_STEM_07.wav
MusicDelta_Britpop,female singer,S08,MusicDelta_Britpop_STEM_08.wav
MusicDelta_ChineseChaoZhou,dizi,S01,MusicDelta_ChineseChaoZhou_STEM_01.wav
MusicDelta_ChineseChaoZhou,erhu,S02,MusicDelta_ChineseChaoZhou_STEM_02.wav
MusicDelta_ChineseChaoZhou,guzheng,S03,MusicDelta_ChineseChaoZhou_STEM_03.wav
MusicDelta_ChineseChaoZhou,yangqin,S04,MusicDelta_ChineseChaoZhou_STEM_04.wav
MusicDelta_ChineseDrama,dizi,S01,MusicDelta_ChineseDrama_STEM_01.wav
MusicDelta_ChineseDrama,erhu,S02,MusicDelta_ChineseDrama_STEM_02.wav
MusicDelta_ChineseDrama,guzheng,S03,MusicDelta_ChineseDrama_STEM_03.wav
MusicDelta_ChineseDrama,yangqin,S04,MusicDelta_ChineseDrama_STEM_04.wav
MusicDelta_ChineseDrama,zhongruan,S05,MusicDelta_ChineseDrama_STEM_05.wav
MusicDelta_ChineseHenan,dizi,S01,MusicDelta_ChineseHenan_STEM_01.wav
MusicDelta_ChineseHenan,erhu,S02,MusicDelta_ChineseHenan_STEM_02.wav
MusicDelta_ChineseHenan,guzheng,S03,MusicDelta_ChineseHenan_STEM_03.wav
MusicDelta_ChineseHenan,liuqin,S04,MusicDelta_ChineseHenan_STEM_04.wav
MusicDelta_ChineseHenan,yangqin,S05,MusicDelta_ChineseHenan_STEM_05.wav
MusicDelta_ChineseJiangNan,dizi,S01,MusicDelta_ChineseJiangNan_STEM_01.wav
MusicDelta_ChineseJiangNan,erhu,S02,MusicDelta_ChineseJiangNan_STEM_02.wav
MusicDelta_ChineseJiangNan,guzheng,S03,MusicDelta_ChineseJiangNan_STEM_03.wav
MusicDelta_ChineseJiangNan,yangqin,S04,MusicDelta_ChineseJiangNan_STEM_04.wav
MusicDelta_ChineseJiangNan,zhongruan,S05,MusicDelta_ChineseJiangNan_STEM_05.wav
MusicDelta_ChineseXinJing,erhu,S01,MusicDelta_ChineseXinJing_STEM_01.wav
MusicDelta_ChineseXinJing,gu,S02,MusicDelta_ChineseXinJing_STEM_02.wav
MusicDelta_ChineseXinJing,liuqin,S03,MusicDelta_ChineseXinJing_STEM_03.wav
MusicDelta_ChineseXinJing,yangqin,S04,MusicDelta_ChineseXinJing_STEM_04.wav
MusicDelta_ChineseXinJing,zhongruan,S05,MusicDelta_ChineseXinJing_STEM_05.wav
MusicDelta_ChineseYaoZu,dizi,S01,MusicDelta_ChineseYaoZu_STEM_01.wav
MusicDelta_ChineseYaoZu,erhu,S02,MusicDelta_ChineseYaoZu_STEM_02.wav
MusicDelta_ChineseYaoZu,guzheng,S03,MusicDelta_ChineseYaoZu_STEM_03.wav
MusicDelta_ChineseYaoZu,auxiliary percussion,S04,MusicDelta_ChineseYaoZu_STEM_04.wav
MusicDelta_ChineseYaoZu,yangqin,S05,MusicDelta_ChineseYaoZu_STEM_05.wav
MusicDelta_CoolJazz,double bass,S01,MusicDelta_CoolJazz_STEM_01.wav
MusicDelta_CoolJazz,drum set,S02,MusicDelta_CoolJazz_STEM_02.wav
MusicDelta_CoolJazz,piano,S03,MusicDelta_CoolJazz_STEM_03.wav
MusicDelta_CoolJazz,baritone saxophone,S04,MusicDelta_CoolJazz_STEM_04.wav
MusicDelta_CoolJazz,trumpet,S05,MusicDelta_CoolJazz_STEM_05.wav
MusicDelta_Country1,drum set,S01,MusicDelta_Country1_STEM_01.wav
MusicDelta_Country1,electric bass,S02,MusicDelta_Country1_STEM_02.wav
MusicDelta_Country1,acoustic guitar,S03,MusicDelta_Country1_STEM_03.wav
MusicDelta_Country1,acoustic guitar,S04,MusicDelta_Country1_STEM_04.wav
MusicDelta_Country1,male singer,S05,MusicDelta_Country1_STEM_05.wav
MusicDelta_Country2,drum set,S01,MusicDelta_Country2_STEM_01.wav
MusicDelta_Country2,electric bass,S02,MusicDelta_Country2_STEM_02.wav
MusicDelta_Country2,clean electric guitar,S03,MusicDelta_Country2_STEM_03.wav
MusicDelta_Country2,clean electric guitar,S04,MusicDelta_Country2_STEM_04.wav
MusicDelta_Country2,female singer,S05,MusicDelta_Country2_STEM_05.wav
MusicDelta_Disco,drum set,S01,MusicDelta_Disco_STEM_01.wav
MusicDelta_Disco,electric bass,S02,MusicDelta_Disco_STEM_02.wav
MusicDelta_Disco,clean electric guitar,S03,MusicDelta_Disco_STEM_03.wav
MusicDelta_Disco,male singer,S04,MusicDelta_Disco_STEM_04.wav
MusicDelta_FreeJazz,drum set,S01,MusicDelta_FreeJazz_STEM_01.wav
MusicDelta_FreeJazz,double bass,S02,MusicDelta_FreeJazz_STEM_02.wav
MusicDelta_FreeJazz,bass clarinet,S03,MusicDelta_FreeJazz_STEM_03.wav
MusicDelta_FunkJazz,drum set,S01,MusicDelta_FunkJazz_STEM_01.wav
MusicDelta_FunkJazz,electric bass,S02,MusicDelta_FunkJazz_STEM_02.wav
MusicDelta_FunkJazz,electric piano,S03,MusicDelta_FunkJazz_STEM_03.wav
MusicDelta_FunkJazz,alto saxophone,S04,MusicDelta_FunkJazz_STEM_04.wav
MusicDelta_FusionJazz,drum set,S01,MusicDelta_FusionJazz_STEM_01.wav
MusicDelta_FusionJazz,electric bass,S02,MusicDelta_FusionJazz_STEM_02.wav
MusicDelta_FusionJazz,electric piano,S03,MusicDelta_FusionJazz_STEM_03.wav
MusicDelta_FusionJazz,synthesizer,S04,MusicDelta_FusionJazz_STEM_04.wav
MusicDelta_FusionJazz,soprano saxophone,S05,MusicDelta_FusionJazz_STEM_05.wav
MusicDelta_FusionJazz,trumpet,S06,MusicDelta_FusionJazz_STEM_06.wav
MusicDelta_Gospel,drum set,S01,MusicDelta_Gospel_STEM_01.wav
MusicDelta_Gospel,electric bass,S02,MusicDelta_Gospel_STEM_02.wav
MusicDelta_Gospel,clean electric guitar,S03,MusicDelta_Gospel_STEM_03.wav
MusicDelta_Gospel,clean electric guitar,S04,MusicDelta_Gospel_STEM_04.wav
MusicDelta_Gospel,claps,S05,MusicDelta_Gospel_STEM_05.wav
MusicDelta_Gospel,female singer,S06,MusicDelta_Gospel_STEM_06.wav
MusicDelta_GriegTrolltog,violin section,S01,MusicDelta_GriegTrolltog_STEM_01.wav
MusicDelta_GriegTrolltog,violin section,S02,MusicDelta_GriegTrolltog_STEM_02.wav
MusicDelta_GriegTrolltog,viola section,S03,MusicDelta_GriegTrolltog_STEM_03.wav
MusicDelta_GriegTrolltog,cello,S04,MusicDelta_GriegTrolltog_STEM_04.wav
MusicDelta_GriegTrolltog,double bass,S05,MusicDelta_GriegTrolltog_STEM_05.wav
MusicDelta_GriegTrolltog,flute section,S06,MusicDelta_GriegTrolltog_STEM_06.wav
MusicDelta_GriegTrolltog,piccolo,S07,MusicDelta_GriegTrolltog_STEM_07.wav
MusicDelta_GriegTrolltog,piccolo,S08,MusicDelta_GriegTrolltog_STEM_08.wav
MusicDelta_GriegTrolltog,oboe,S09,MusicDelta_GriegTrolltog_STEM_09.wav
MusicDelta_GriegTrolltog,clarinet section,S10,MusicDelta_GriegTrolltog_STEM_10.wav
MusicDelta_GriegTrolltog,clarinet section,S11,MusicDelta_GriegTrolltog_STEM_11.wav
MusicDelta_GriegTrolltog,brass section,S12,MusicDelta_GriegTrolltog_STEM_12.wav
MusicDelta_GriegTrolltog,brass section,S13,MusicDelta_GriegTrolltog_STEM_13.wav
MusicDelta_GriegTrolltog,brass section,S14,MusicDelta_GriegTrolltog_STEM_14.wav
MusicDelta_GriegTrolltog,trumpet section,S15,MusicDelta_GriegTrolltog_STEM_15.wav
MusicDelta_GriegTrolltog,tuba,S16,MusicDelta_GriegTrolltog_STEM_16.wav
MusicDelta_GriegTrolltog,timpani,S17,MusicDelta_GriegTrolltog_STEM_17.wav
MusicDelta_GriegTrolltog,timpani,S18,MusicDelta_GriegTrolltog_STEM_18.wav
MusicDelta_GriegTrolltog,cymbal,S19,MusicDelta_GriegTrolltog_STEM_19.wav
MusicDelta_Grunge,drum set,S01,MusicDelta_Grunge_STEM_01.wav
MusicDelta_Grunge,electric bass,S02,MusicDelta_Grunge_STEM_02.wav
MusicDelta_Grunge,distorted electric guitar,S03,MusicDelta_Grunge_STEM_03.wav
MusicDelta_Grunge,distorted electric guitar,S04,MusicDelta_Grunge_STEM_04.wav
MusicDelta_Grunge,male singer,S05,MusicDelta_Grunge_STEM_05.wav
MusicDelta_Hendrix,drum set,S01,MusicDelta_Hendrix_STEM_01.wav
MusicDelta_Hendrix,electric bass,S02,MusicDelta_Hendrix_STEM_02.wav
MusicDelta_Hendrix,distorted electric guitar,S03,MusicDelta_Hendrix_STEM_03.wav
MusicDelta_Hendrix,male singer,S04,MusicDelta_Hendrix_STEM_04.wav
MusicDelta_InTheHalloftheMountainKing,violin section,S01,MusicDelta_InTheHalloftheMountainKing_STEM_01.wav
MusicDelta_InTheHalloftheMountainKing,violin section,S02,MusicDelta_InTheHalloftheMountainKing_STEM_02.wav
MusicDelta_InTheHalloftheMountainKing,viola,S03,MusicDelta_InTheHalloftheMountainKing_STEM_03.wav
MusicDelta_InTheHalloftheMountainKing,cello,S04,MusicDelta_InTheHalloftheMountainKing_STEM_04.wav
MusicDelta_InTheHalloftheMountainKing,double bass,S05,MusicDelta_InTheHalloftheMountainKing_STEM_05.wav
MusicDelta_InTheHalloftheMountainKing,piccolo,S06,MusicDelta_InTheHalloftheMountainKing_STEM_06.wav
MusicDelta_InTheHalloftheMountainKing,flute,S07,MusicDelta_InTheHalloftheMountainKing_STEM_07.wav
MusicDelta_InTheHalloftheMountainKing,bassoon,S08,MusicDelta_InTheHalloftheMountainKing_STEM_08.wav
MusicDelta_InTheHalloftheMountainKing,clarinet,S09,MusicDelta_InTheHalloftheMountainKing_STEM_09.wav
MusicDelta_InTheHalloftheMountainKing,oboe,S10,MusicDelta_InTheHalloftheMountainKing_STEM_10.wav
MusicDelta_InTheHalloftheMountainKing,french horn section,S11,MusicDelta_InTheHalloftheMountainKing_STEM_11.wav
MusicDelta_InTheHalloftheMountainKing,trombone,S12,MusicDelta_InTheHalloftheMountainKing_STEM_12.wav
MusicDelta_InTheHalloftheMountainKing,trumpet section,S13,MusicDelta_InTheHalloftheMountainKing_STEM_13.wav
MusicDelta_InTheHalloftheMountainKing,tuba,S14,MusicDelta_InTheHalloftheMountainKing_STEM_14.wav
MusicDelta_InTheHalloftheMountainKing,cymbal,S15,MusicDelta_InTheHalloftheMountainKing_STEM_15.wav
MusicDelta_InTheHalloftheMountainKing,toms,S16,MusicDelta_InTheHalloftheMountainKing_STEM_16.wav
MusicDelta_InTheHalloftheMountainKing,timpani,S17,MusicDelta_InTheHalloftheMountainKing_STEM_17.wav
MusicDelta_LatinJazz,electric bass,S01,MusicDelta_LatinJazz_STEM_01.wav
MusicDelta_LatinJazz,drum set,S02,MusicDelta_LatinJazz_STEM_02.wav
MusicDelta_LatinJazz,electric piano,S03,MusicDelta_LatinJazz_STEM_03.wav
MusicDelta_LatinJazz,flute,S04,MusicDelta_LatinJazz_STEM_04.wav
MusicDelta_LatinJazz,trumpet,S05,MusicDelta_LatinJazz_STEM_05.wav
MusicDelta_ModalJazz,drum set,S01,MusicDelta_ModalJazz_STEM_01.wav
MusicDelta_ModalJazz,double bass,S02,MusicDelta_ModalJazz_STEM_02.wav
MusicDelta_ModalJazz,piano,S03,MusicDelta_ModalJazz_STEM_03.wav
MusicDelta_ModalJazz,tenor saxophone,S04,MusicDelta_ModalJazz_STEM_04.wav
MusicDelta_ModalJazz,trumpet,S05,MusicDelta_ModalJazz_STEM_05.wav
MusicDelta_Pachelbel,violin,S01,MusicDelta_Pachelbel_STEM_01.wav
MusicDelta_Pachelbel,cello,S02,MusicDelta_Pachelbel_STEM_02.wav
MusicDelta_Pachelbel,viola,S03,MusicDelta_Pachelbel_STEM_03.wav
MusicDelta_Pachelbel,violin,S04,MusicDelta_Pachelbel_STEM_04.wav
MusicDelta_Punk,drum set,S01,MusicDelta_Punk_STEM_01.wav
MusicDelta_Punk,electric bass,S02,MusicDelta_Punk_STEM_02.wav
MusicDelta_Punk,distorted electric guitar,S03,MusicDelta_Punk_STEM_03.wav
MusicDelta_Punk,male singer,S04,MusicDelta_Punk_STEM_04.wav
MusicDelta_Reggae,drum set,S01,MusicDelta_Reggae_STEM_01.wav
MusicDelta_Reggae,electric bass,S02,MusicDelta_Reggae_STEM_02.wav
MusicDelta_Reggae,clean electric guitar,S03,MusicDelta_Reggae_STEM_03.wav
MusicDelta_Reggae,male singer,S04,MusicDelta_Reggae_STEM_04.wav
MusicDelta_Rockabilly,drum set,S01,MusicDelta_Rockabilly_STEM_01.wav
MusicDelta_Rockabilly,electric bass,S02,MusicDelta_Rockabilly_STEM_02.wav
MusicDelta_Rockabilly,distorted electric guitar,S03,MusicDelta_Rockabilly_STEM_03.wav
MusicDelta_Rockabilly,clean electric guitar,S04,MusicDelta_Rockabilly_STEM_04.wav
MusicDelta_Rockabilly,female singer,S05,MusicDelta_Rockabilly_STEM_05.wav
MusicDelta_Rock,drum set,S01,MusicDelta_Rock_STEM_01.wav
MusicDelta_Rock,electric bass,S02,MusicDelta_Rock_STEM_02.wav
MusicDelta_Rock,clean electric guitar,S03,MusicDelta_Rock_STEM_03.wav
MusicDelta_Rock,clean electric guitar,S04,MusicDelta_Rock_STEM_04.wav
MusicDelta_Rock,male singer,S05,MusicDelta_Rock_STEM_05.wav
MusicDelta_Shadows,electric bass,S01,MusicDelta_Shadows_STEM_01.wav
MusicDelta_Shadows,drum set,S02,MusicDelta_Shadows_STEM_02.wav
MusicDelta_Shadows,clean electric guitar,S03,MusicDelta_Shadows_STEM_03.wav
MusicDelta_Shadows,clean electric guitar,S04,MusicDelta_Shadows_STEM_04.wav
MusicDelta_SpeedMetal,drum set,S01,MusicDelta_SpeedMetal_STEM_01.wav
MusicDelta_SpeedMetal,electric bass,S02,MusicDelta_SpeedMetal_STEM_02.wav
MusicDelta_SpeedMetal,distorted electric guitar,S03,MusicDelta_SpeedMetal_STEM_03.wav
MusicDelta_SpeedMetal,distorted electric guitar,S04,MusicDelta_SpeedMetal_STEM_04.wav
MusicDelta_SwingJazz,double bass,S01,MusicDelta_SwingJazz_STEM_01.wav
MusicDelta_SwingJazz,drum set,S02,MusicDelta_SwingJazz_STEM_02.wav
MusicDelta_SwingJazz,piano,S03,MusicDelta_SwingJazz_STEM_03.wav
MusicDelta_SwingJazz,clarinet,S04,MusicDelta_SwingJazz_STEM_04.wav
MusicDelta_Vivaldi,double bass,S01,MusicDelta_Vivaldi_STEM_01.wav
MusicDelta_Vivaldi,viola section,S02,MusicDelta_Vivaldi_STEM_02.wav
MusicDelta_Vivaldi,cello,S03,MusicDelta_Vivaldi_STEM_03.wav
MusicDelta_Vivaldi,violin section,S04,MusicDelta_Vivaldi_STEM_04.wav
MusicDelta_Vivaldi,violin section,S05,MusicDelta_Vivaldi_STEM_05.wav
MusicDelta_Zeppelin,electric bass,S01,MusicDelta_Zeppelin_STEM_01.wav
MusicDelta_Zeppelin,drum set,S02,MusicDelta_Zeppelin_STEM_02.wav
MusicDelta_Zeppelin,distorted electric guitar,S03,MusicDelta_Zeppelin_STEM_03.wav
MusicDelta_Zeppelin,distorted electric guitar,S04,MusicDelta_Zeppelin_STEM_04.wav
MutualBenefit_NotForNothing,male singer,S01,MutualBenefit_NotForNothing_STEM_01.wav
MutualBenefit_NotForNothing,drum set,S02,MutualBenefit_NotForNothing_STEM_02.wav
MutualBenefit_NotForNothing,violin,S03,MutualBenefit_NotForNothing_STEM_03.wav
MutualBenefit_NotForNothing,acoustic guitar,S04,MutualBenefit_NotForNothing_STEM_04.wav
MutualBenefit_NotForNothing,electric bass,S05,MutualBenefit_NotForNothing_STEM_05.wav
MutualBenefit_NotForNothing,male singer,S06,MutualBenefit_NotForNothing_STEM_06.wav
MutualBenefit_NotForNothing,acoustic guitar,S07,MutualBenefit_NotForNothing_STEM_07.wav
MutualBenefit_NotForNothing,violin section,S08,MutualBenefit_NotForNothing_STEM_08.wav
MutualBenefit_NotForNothing,acoustic guitar,S09,MutualBenefit_NotForNothing_STEM_09.wav
MutualBenefit_NotForNothing,piano,S10,MutualBenefit_NotForNothing_STEM_10.wav
MutualBenefit_NotForNothing,violin section,S11,MutualBenefit_NotForNothing_STEM_11.wav
NightPanther_Fire,electric bass,S01,NightPanther_Fire_STEM_01.wav
NightPanther_Fire,vocalists,S02,NightPanther_Fire_STEM_02.wav
NightPanther_Fire,vocalists,S03,NightPanther_Fire_STEM_03.wav
NightPanther_Fire,drum machine,S04,NightPanther_Fire_STEM_04.wav
NightPanther_Fire,drum set,S05,NightPanther_Fire_STEM_05.wav
NightPanther_Fire,brass section,S06,NightPanther_Fire_STEM_06.wav
NightPanther_Fire,male singer,S07,NightPanther_Fire_STEM_07.wav
NightPanther_Fire,auxiliary percussion,S08,NightPanther_Fire_STEM_08.wav
NightPanther_Fire,string section,S09,NightPanther_Fire_STEM_09.wav
NightPanther_Fire,synthesizer,S10,NightPanther_Fire_STEM_10.wav
NightPanther_Fire,synthesizer,S11,NightPanther_Fire_STEM_11.wav
NightPanther_Fire,synthesizer,S12,NightPanther_Fire_STEM_12.wav
PatternIsMovement_SaveMe,electronic organ,S01,PatternIsMovement_SaveMe_STEM_01.wav
PatternIsMovement_SaveMe,electronic organ,S02,PatternIsMovement_SaveMe_STEM_02.wav
PatternIsMovement_SaveMe,electronic organ,S03,PatternIsMovement_SaveMe_STEM_03.wav
PatternIsMovement_SaveMe,male singer,S04,PatternIsMovement_SaveMe_STEM_04.wav
PatternIsMovement_SaveMe,electronic organ,S05,PatternIsMovement_SaveMe_STEM_05.wav
PatternIsMovement_SaveMe,drum set,S06,PatternIsMovement_SaveMe_STEM_06.wav
PatternIsMovement_SaveMe,male singer,S07,PatternIsMovement_SaveMe_STEM_07.wav
PatternIsMovement_SaveMe,electronic organ,S08,PatternIsMovement_SaveMe_STEM_08.wav
PatternIsMovement_SaveMe,electronic organ,S09,PatternIsMovement_SaveMe_STEM_09.wav
PeterMatthewBauer_YouAlwaysLookForSomeoneLost,acoustic guitar,S01,PeterMatthewBauer_YouAlwaysLookForSomeoneLost_STEM_01.wav
PeterMatthewBauer_YouAlwaysLookForSomeoneLost,drum set,S02,PeterMatthewBauer_YouAlwaysLookForSomeoneLost_STEM_02.wav
PeterMatthewBauer_YouAlwaysLookForSomeoneLost,piano,S03,PeterMatthewBauer_YouAlwaysLookForSomeoneLost_STEM_03.wav
PeterMatthewBauer_YouAlwaysLookForSomeoneLost,auxiliary percussion,S04,PeterMatthewBauer_YouAlwaysLookForSomeoneLost_STEM_04.wav
PeterMatthewBauer_YouAlwaysLookForSomeoneLost,vocalists,S05,PeterMatthewBauer_YouAlwaysLookForSomeoneLost_STEM_05.wav
PeterMatthewBauer_YouAlwaysLookForSomeoneLost,electric bass,S06,PeterMatthewBauer_YouAlwaysLookForSomeoneLost_STEM_06.wav
Phoenix_BrokenPledgeChicagoReel,acoustic guitar,S01,Phoenix_BrokenPledgeChicagoReel_STEM_01.wav
Phoenix_BrokenPledgeChicagoReel,flute,S02,Phoenix_BrokenPledgeChicagoReel_STEM_02.wav
Phoenix_BrokenPledgeChicagoReel,violin,S03,Phoenix_BrokenPledgeChicagoReel_STEM_03.wav
Phoenix_ColliersDaughter,acoustic guitar,S01,Phoenix_ColliersDaughter_STEM_01.wav
Phoenix_ColliersDaughter,flute,S02,Phoenix_ColliersDaughter_STEM_02.wav
Phoenix_ColliersDaughter,violin,S03,Phoenix_ColliersDaughter_STEM_03.wav
Phoenix_ColliersDaughter,electric bass,S04,Phoenix_ColliersDaughter_STEM_04.wav
Phoenix_ColliersDaughter,Main System,S05,Phoenix_ColliersDaughter_STEM_05.wav
Phoenix_ElzicsFarewell,acoustic guitar,S01,Phoenix_ElzicsFarewell_STEM_01.wav
Phoenix_ElzicsFarewell,mandolin,S02,Phoenix_ElzicsFarewell_STEM_02.wav
Phoenix_ElzicsFarewell,violin,S03,Phoenix_ElzicsFarewell_STEM_03.wav
Phoenix_ElzicsFarewell,Main System,S04,Phoenix_ElzicsFarewell_STEM_04.wav
Phoenix_LarkOnTheStrandDrummondCastle,acoustic guitar,S01,Phoenix_LarkOnTheStrandDrummondCastle_STEM_01.wav
Phoenix_LarkOnTheStrandDrummondCastle,flute,S02,Phoenix_LarkOnTheStrandDrummondCastle_STEM_02.wav
Phoenix_LarkOnTheStrandDrummondCastle,violin,S03,Phoenix_LarkOnTheStrandDrummondCastle_STEM_03.wav
Phoenix_LarkOnTheStrandDrummondCastle,Main System,S04,Phoenix_LarkOnTheStrandDrummondCastle_STEM_04.wav
Phoenix_ScotchMorris,acoustic guitar,S01,Phoenix_ScotchMorris_STEM_01.wav
Phoenix_ScotchMorris,flute,S02,Phoenix_ScotchMorris_STEM_02.wav
Phoenix_ScotchMorris,violin,S03,Phoenix_ScotchMorris_STEM_03.wav
Phoenix_ScotchMorris,Main System,S04,Phoenix_ScotchMorris_STEM_04.wav
Phoenix_SeanCaughlinsTheScartaglen,acoustic guitar,S01,Phoenix_SeanCaughlinsTheScartaglen_STEM_01.wav
Phoenix_SeanCaughlinsTheScartaglen,mandolin,S02,Phoenix_SeanCaughlinsTheScartaglen_STEM_02.wav
Phoenix_SeanCaughlinsTheScartaglen,violin,S03,Phoenix_SeanCaughlinsTheScartaglen_STEM_03.wav
Phoenix_SeanCaughlinsTheScartaglen,electric bass,S04,Phoenix_SeanCaughlinsTheScartaglen_STEM_04.wav
Phoenix_SeanCaughlinsTheScartaglen,Main System,S05,Phoenix_SeanCaughlinsTheScartaglen_STEM_05.wav
Plasma_GoodShout,drum set,S01,Plasma_GoodShout_STEM_01.wav
Plasma_GoodShout,distorted electric guitar,S02,Plasma_GoodShout_STEM_02.wav
Plasma_GoodShout,clean electric guitar,S03,Plasma_GoodShout_STEM_03.wav
Plasma_GoodShout,electric bass,S04,Plasma_GoodShout_STEM_04.wav
Plasma_GoodShout,distorted electric guitar,S05,Plasma_GoodShout_STEM_05.wav
PoliceHearingDepartment_Brahms,viola,S01,PoliceHearingDepartment_Brahms_STEM_01.wav
PoliceHearingDepartment_Brahms,Main System,S02,PoliceHearingDepartment_Brahms_STEM_02.wav
PoliceHearingDepartment_Brahms,piano,S03,PoliceHearingDepartment_Brahms_STEM_03.wav
PoliceHearingDepartment_SchumannMovement1,bassoon,S01,PoliceHearingDepartment_SchumannMovement1_STEM_01.wav
PoliceHearingDepartment_SchumannMovement1,Main System,S02,PoliceHearingDepartment_SchumannMovement1_STEM_02.wav
PoliceHearingDepartment_SchumannMovement1,flute,S03,PoliceHearingDepartment_SchumannMovement1_STEM_03.wav
PoliceHearingDepartment_SchumannMovement1,viola,S04,PoliceHearingDepartment_SchumannMovement1_STEM_04.wav
PoliceHearingDepartment_SchumannMovement1,violin,S05,PoliceHearingDepartment_SchumannMovement1_STEM_05.wav
PoliceHearingDepartment_SchumannMovement1,piano,S06,PoliceHearingDepartment_SchumannMovement1_STEM_06.wav
PoliceHearingDepartment_SchumannMovement2,bassoon,S01,PoliceHearingDepartment_SchumannMovement2_STEM_01.wav
PoliceHearingDepartment_SchumannMovement2,Main System,S02,PoliceHearingDepartment_SchumannMovement2_STEM_02.wav
PoliceHearingDepartment_SchumannMovement2,flute,S03,PoliceHearingDepartment_SchumannMovement2_STEM_03.wav
PoliceHearingDepartment_SchumannMovement2,viola,S04,PoliceHearingDepartment_SchumannMovement2_STEM_04.wav
PoliceHearingDepartment_SchumannMovement2,violin,S05,PoliceHearingDepartment_SchumannMovement2_STEM_05.wav
PoliceHearingDepartment_SchumannMovement2,piano,S06,PoliceHearingDepartment_SchumannMovement2_STEM_06.wav
PoliceHearingDepartment_VivaldiMovement1,bassoon,S01,PoliceHearingDepartment_VivaldiMovement1_STEM_01.wav
PoliceHearingDepartment_VivaldiMovement1,Main System,S02,PoliceHearingDepartment_VivaldiMovement1_STEM_02.wav
PoliceHearingDepartment_VivaldiMovement1,violin,S03,PoliceHearingDepartment_VivaldiMovement1_STEM_03.wav
PoliceHearingDepartment_VivaldiMovement1,flute,S04,PoliceHearingDepartment_VivaldiMovement1_STEM_04.wav
PoliceHearingDepartment_VivaldiMovement2,bassoon,S01,PoliceHearingDepartment_VivaldiMovement2_STEM_01.wav
PoliceHearingDepartment_VivaldiMovement2,Main System,S02,PoliceHearingDepartment_VivaldiMovement2_STEM_02.wav
PoliceHearingDepartment_VivaldiMovement2,violin,S03,PoliceHearingDepartment_VivaldiMovement2_STEM_03.wav
PoliceHearingDepartment_VivaldiMovement2,flute,S04,PoliceHearingDepartment_VivaldiMovement2_STEM_04.wav
PoliceHearingDepartment_VivaldiMovement3,bassoon,S01,PoliceHearingDepartment_VivaldiMovement3_STEM_01.wav
PoliceHearingDepartment_VivaldiMovement3,Main System,S02,PoliceHearingDepartment_VivaldiMovement3_STEM_02.wav
PoliceHearingDepartment_VivaldiMovement3,violin,S03,PoliceHearingDepartment_VivaldiMovement3_STEM_03.wav
PoliceHearingDepartment_VivaldiMovement3,flute,S04,PoliceHearingDepartment_VivaldiMovement3_STEM_04.wav
PortStWillow_StayEven,vocalists,S01,PortStWillow_StayEven_STEM_01.wav
PortStWillow_StayEven,cymbal,S02,PortStWillow_StayEven_STEM_02.wav
PortStWillow_StayEven,drum set,S03,PortStWillow_StayEven_STEM_03.wav
PortStWillow_StayEven,drum set,S04,PortStWillow_StayEven_STEM_04.wav
PortStWillow_StayEven,clean electric guitar,S05,PortStWillow_StayEven_STEM_05.wav
PortStWillow_StayEven,clean electric guitar,S06,PortStWillow_StayEven_STEM_06.wav
PortStWillow_StayEven,clean electric guitar,S07,PortStWillow_StayEven_STEM_07.wav
PortStWillow_StayEven,male singer,S08,PortStWillow_StayEven_STEM_08.wav
PortStWillow_StayEven,piano,S09,PortStWillow_StayEven_STEM_09.wav
PortStWillow_StayEven,electric bass,S10,PortStWillow_StayEven_STEM_10.wav
PortStWillow_StayEven,fx/processed sound,S11,PortStWillow_StayEven_STEM_11.wav
PurlingHiss_Lolita,electric bass,S01,PurlingHiss_Lolita_STEM_01.wav
PurlingHiss_Lolita,drum set,S02,PurlingHiss_Lolita_STEM_02.wav
PurlingHiss_Lolita,distorted electric guitar,S03,PurlingHiss_Lolita_STEM_03.wav
PurlingHiss_Lolita,distorted electric guitar,S04,PurlingHiss_Lolita_STEM_04.wav
PurlingHiss_Lolita,tambourine,S05,PurlingHiss_Lolita_STEM_05.wav
PurlingHiss_Lolita,vocalists,S06,PurlingHiss_Lolita_STEM_06.wav
QuantumChromos_Circuits,bass drum,S01,QuantumChromos_Circuits_STEM_01.wav
QuantumChromos_Circuits,violin,S02,QuantumChromos_Circuits_STEM_02.wav
QuantumChromos_Circuits,piano,S03,QuantumChromos_Circuits_STEM_03.wav
QuantumChromos_Circuits,clarinet,S04,QuantumChromos_Circuits_STEM_04.wav
QuantumChromos_Circuits,double bass,S05,QuantumChromos_Circuits_STEM_05.wav
QuantumChromos_Circuits,male singer,S06,QuantumChromos_Circuits_STEM_06.wav
QuantumChromos_Circuits,Main System,S07,QuantumChromos_Circuits_STEM_07.wav
RodrigoBonelli_BalladForLaura,trumpet,S01,RodrigoBonelli_BalladForLaura_STEM_01.wav
RodrigoBonelli_BalladForLaura,trombone,S02,RodrigoBonelli_BalladForLaura_STEM_02.wav
RodrigoBonelli_BalladForLaura,tenor saxophone,S03,RodrigoBonelli_BalladForLaura_STEM_03.wav
RodrigoBonelli_BalladForLaura,double bass,S04,RodrigoBonelli_BalladForLaura_STEM_04.wav
RodrigoBonelli_BalladForLaura,bass clarinet,S05,RodrigoBonelli_BalladForLaura_STEM_05.wav
RodrigoBonelli_BalladForLaura,drum set,S06,RodrigoBonelli_BalladForLaura_STEM_06.wav
RodrigoBonelli_BalladForLaura,piano,S07,RodrigoBonelli_BalladForLaura_STEM_07.wav
SasquatchConnection_BoomBoxing,tenor saxophone,S01,SasquatchConnection_BoomBoxing_STEM_01.wav
SasquatchConnection_BoomBoxing,double bass,S02,SasquatchConnection_BoomBoxing_STEM_02.wav
SasquatchConnection_BoomBoxing,piano,S03,SasquatchConnection_BoomBoxing_STEM_03.wav
SasquatchConnection_BoomBoxing,drum set,S04,SasquatchConnection_BoomBoxing_STEM_04.wav
SasquatchConnection_BoomBoxing,clean electric guitar,S05,SasquatchConnection_BoomBoxing_STEM_05.wav
SasquatchConnection_BoomBoxing,trombone section,S06,SasquatchConnection_BoomBoxing_STEM_06.wav
SasquatchConnection_BoomBoxing,trumpet section,S07,SasquatchConnection_BoomBoxing_STEM_07.wav
SasquatchConnection_HolyClamsBatman,tenor saxophone,S01,SasquatchConnection_HolyClamsBatman_STEM_01.wav
SasquatchConnection_HolyClamsBatman,clean electric guitar,S02,SasquatchConnection_HolyClamsBatman_STEM_02.wav
SasquatchConnection_HolyClamsBatman,piano,S03,SasquatchConnection_HolyClamsBatman_STEM_03.wav
SasquatchConnection_HolyClamsBatman,trumpet section,S04,SasquatchConnection_HolyClamsBatman_STEM_04.wav
SasquatchConnection_HolyClamsBatman,double bass,S05,SasquatchConnection_HolyClamsBatman_STEM_05.wav
SasquatchConnection_HolyClamsBatman,drum set,S06,SasquatchConnection_HolyClamsBatman_STEM_06.wav
SasquatchConnection_HolyClamsBatman,trombone section,S07,SasquatchConnection_HolyClamsBatman_STEM_07.wav
SasquatchConnection_Illuminati,drum set,S01,SasquatchConnection_Illuminati_STEM_01.wav
SasquatchConnection_Illuminati,horn section,S02,SasquatchConnection_Illuminati_STEM_02.wav
SasquatchConnection_Illuminati,trombone section,S03,SasquatchConnection_Illuminati_STEM_03.wav
SasquatchConnection_Illuminati,double bass,S04,SasquatchConnection_Illuminati_STEM_04.wav
SasquatchConnection_Illuminati,piano,S05,SasquatchConnection_Illuminati_STEM_05.wav
SasquatchConnection_Illuminati,trumpet section,S06,SasquatchConnection_Illuminati_STEM_06.wav
SasquatchConnection_Struttin,double bass,S01,SasquatchConnection_Struttin_STEM_01.wav
SasquatchConnection_Struttin,piano,S02,SasquatchConnection_Struttin_STEM_02.wav
SasquatchConnection_Struttin,clean electric guitar,S03,SasquatchConnection_Struttin_STEM_03.wav
SasquatchConnection_Struttin,trombone section,S04,SasquatchConnection_Struttin_STEM_04.wav
SasquatchConnection_Struttin,tenor saxophone,S05,SasquatchConnection_Struttin_STEM_05.wav
SasquatchConnection_Struttin,trumpet section,S06,SasquatchConnection_Struttin_STEM_06.wav
SasquatchConnection_Struttin,drum set,S07,SasquatchConnection_Struttin_STEM_07.wav
SasquatchConnection_ThanksALatte,piano,S01,SasquatchConnection_ThanksALatte_STEM_01.wav
SasquatchConnection_ThanksALatte,trombone section,S02,SasquatchConnection_ThanksALatte_STEM_02.wav
SasquatchConnection_ThanksALatte,clean electric guitar,S03,SasquatchConnection_ThanksALatte_STEM_03.wav
SasquatchConnection_ThanksALatte,drum set,S04,SasquatchConnection_ThanksALatte_STEM_04.wav
SasquatchConnection_ThanksALatte,trumpet section,S05,SasquatchConnection_ThanksALatte_STEM_05.wav
SasquatchConnection_ThanksALatte,tenor saxophone,S06,SasquatchConnection_ThanksALatte_STEM_06.wav
SasquatchConnection_ThanksALatte,double bass,S07,SasquatchConnection_ThanksALatte_STEM_07.wav
Schubert_Erstarrung,male singer,S01,Schubert_Erstarrung_STEM_01.wav
Schubert_Erstarrung,piano,S02,Schubert_Erstarrung_STEM_02.wav
Schumann_Mignon,piano,S01,Schumann_Mignon_STEM_01.wav
Schumann_Mignon,female singer,S02,Schumann_Mignon_STEM_02.wav
SecretMountains_HighHorse,electric bass,S01,SecretMountains_HighHorse_STEM_01.wav
SecretMountains_HighHorse,vocalists,S02,SecretMountains_HighHorse_STEM_02.wav
SecretMountains_HighHorse,cymbal,S03,SecretMountains_HighHorse_STEM_03.wav
SecretMountains_HighHorse,drum set,S04,SecretMountains_HighHorse_STEM_04.wav
SecretMountains_HighHorse,clean electric guitar,S05,SecretMountains_HighHorse_STEM_05.wav
SecretMountains_HighHorse,fx/processed sound,S06,SecretMountains_HighHorse_STEM_06.wav
SecretMountains_HighHorse,piano,S07,SecretMountains_HighHorse_STEM_07.wav
SecretMountains_HighHorse,synthesizer,S08,SecretMountains_HighHorse_STEM_08.wav
SecretMountains_HighHorse,female singer,S09,SecretMountains_HighHorse_STEM_09.wav
SecretMountains_HighHorse,fx/processed sound,S10,SecretMountains_HighHorse_STEM_10.wav
SlowGhost_FirstSnow,drum set,S01,SlowGhost_FirstSnow_STEM_01.wav
SlowGhost_FirstSnow,electric bass,S02,SlowGhost_FirstSnow_STEM_02.wav
SlowGhost_FirstSnow,electric piano,S03,SlowGhost_FirstSnow_STEM_03.wav
SlowGhost_MidnightGroove,electric bass,S01,SlowGhost_MidnightGroove_STEM_01.wav
SlowGhost_MidnightGroove,drum set,S02,SlowGhost_MidnightGroove_STEM_02.wav
SlowGhost_MidnightGroove,electric piano,S03,SlowGhost_MidnightGroove_STEM_03.wav
SlowGhost_Peanut,drum set,S01,SlowGhost_Peanut_STEM_01.wav
SlowGhost_Peanut,electric bass,S02,SlowGhost_Peanut_STEM_02.wav
SlowGhost_Peanut,electric piano,S03,SlowGhost_Peanut_STEM_03.wav
SlowGhost_YoureAMystery,electric piano,S01,SlowGhost_YoureAMystery_STEM_01.wav
SlowGhost_YoureAMystery,electric bass,S02,SlowGhost_YoureAMystery_STEM_02.wav
SlowGhost_YoureAMystery,drum set,S03,SlowGhost_YoureAMystery_STEM_03.wav
Snowmine_Curfews,auxiliary percussion,S01,Snowmine_Curfews_STEM_01.wav
Snowmine_Curfews,electric bass,S02,Snowmine_Curfews_STEM_02.wav
Snowmine_Curfews,male singer,S03,Snowmine_Curfews_STEM_03.wav
Snowmine_Curfews,vibraphone,S04,Snowmine_Curfews_STEM_04.wav
Snowmine_Curfews,drum set,S05,Snowmine_Curfews_STEM_05.wav
Snowmine_Curfews,sampler,S06,Snowmine_Curfews_STEM_06.wav
Snowmine_Curfews,clean electric guitar,S07,Snowmine_Curfews_STEM_07.wav
Snowmine_Curfews,clean electric guitar,S08,Snowmine_Curfews_STEM_08.wav
Snowmine_Curfews,synthesizer,S09,Snowmine_Curfews_STEM_09.wav
Snowmine_Curfews,vocalists,S10,Snowmine_Curfews_STEM_10.wav
Snowmine_Curfews,tack piano,S11,Snowmine_Curfews_STEM_11.wav
SongYiJeon_TwoMoons,female singer,S01,SongYiJeon_TwoMoons_STEM_01.wav
SongYiJeon_TwoMoons,piano,S02,SongYiJeon_TwoMoons_STEM_02.wav
StevenClark_Bounty,clean electric guitar,S01,StevenClark_Bounty_STEM_01.wav
StevenClark_Bounty,electric bass,S02,StevenClark_Bounty_STEM_02.wav
StevenClark_Bounty,vocalists,S03,StevenClark_Bounty_STEM_03.wav
StevenClark_Bounty,synthesizer,S04,StevenClark_Bounty_STEM_04.wav
StevenClark_Bounty,drum set,S05,StevenClark_Bounty_STEM_05.wav
StevenClark_Bounty,synthesizer,S06,StevenClark_Bounty_STEM_06.wav
StevenClark_Bounty,male singer,S07,StevenClark_Bounty_STEM_07.wav
StevenClark_Bounty,male singer,S08,StevenClark_Bounty_STEM_08.wav
StevenClark_Bounty,piano,S09,StevenClark_Bounty_STEM_09.wav
StevenClark_Bounty,synthesizer,S10,StevenClark_Bounty_STEM_10.wav
StrandOfOaks_Spacestation,electric bass,S01,StrandOfOaks_Spacestation_STEM_01.wav
StrandOfOaks_Spacestation,vocalists,S02,StrandOfOaks_Spacestation_STEM_02.wav
StrandOfOaks_Spacestation,drum set,S03,StrandOfOaks_Spacestation_STEM_03.wav
StrandOfOaks_Spacestation,male singer,S04,StrandOfOaks_Spacestation_STEM_04.wav
StrandOfOaks_Spacestation,auxiliary percussion,S05,StrandOfOaks_Spacestation_STEM_05.wav
StrandOfOaks_Spacestation,piano,S06,StrandOfOaks_Spacestation_STEM_06.wav
StrandOfOaks_Spacestation,synthesizer,S07,StrandOfOaks_Spacestation_STEM_07.wav
StrandOfOaks_Spacestation,tack piano,S08,StrandOfOaks_Spacestation_STEM_08.wav
Sweat_AlmostAlways,Main System,S01,Sweat_AlmostAlways_STEM_01.wav
Sweat_AlmostAlways,tenor saxophone,S02,Sweat_AlmostAlways_STEM_02.wav
Sweat_AlmostAlways,drum set,S03,Sweat_AlmostAlways_STEM_03.wav
Sweat_AlmostAlways,piano,S04,Sweat_AlmostAlways_STEM_04.wav
Sweat_AlmostAlways,Main System,S05,Sweat_AlmostAlways_STEM_05.wav
Sweat_AlmostAlways,clean electric guitar,S06,Sweat_AlmostAlways_STEM_06.wav
Sweat_AlmostAlways,synthesizer,S07,Sweat_AlmostAlways_STEM_07.wav
Sweat_Anecdoche,clean electric guitar,S01,Sweat_Anecdoche_STEM_01.wav
Sweat_Anecdoche,Main System,S02,Sweat_Anecdoche_STEM_02.wav
Sweat_Anecdoche,Main System,S03,Sweat_Anecdoche_STEM_03.wav
Sweat_Anecdoche,drum set,S04,Sweat_Anecdoche_STEM_04.wav
Sweat_Anecdoche,alto saxophone,S05,Sweat_Anecdoche_STEM_05.wav
Sweat_Anecdoche,piano,S06,Sweat_Anecdoche_STEM_06.wav
Sweat_Elegy,drum set,S01,Sweat_Elegy_STEM_01.wav
Sweat_Elegy,Main System,S02,Sweat_Elegy_STEM_02.wav
Sweat_Elegy,piano,S03,Sweat_Elegy_STEM_03.wav
Sweat_Elegy,tenor saxophone,S04,Sweat_Elegy_STEM_04.wav
Sweat_Elegy,Main System,S05,Sweat_Elegy_STEM_05.wav
Sweat_Elegy,clean electric guitar,S06,Sweat_Elegy_STEM_06.wav
Sweat_Mesozoic,Main System,S01,Sweat_Mesozoic_STEM_01.wav
Sweat_Mesozoic,clean electric guitar,S02,Sweat_Mesozoic_STEM_02.wav
Sweat_Mesozoic,drum set,S03,Sweat_Mesozoic_STEM_03.wav
Sweat_Mesozoic,piano,S04,Sweat_Mesozoic_STEM_04.wav
Sweat_Mesozoic,Main System,S05,Sweat_Mesozoic_STEM_05.wav
Sweat_Mesozoic,synthesizer,S06,Sweat_Mesozoic_STEM_06.wav
Sweat_Mesozoic,tenor saxophone,S07,Sweat_Mesozoic_STEM_07.wav
Sweat_Sn1572,Main System,S01,Sweat_Sn1572_STEM_01.wav
Sweat_Sn1572,drum set,S02,Sweat_Sn1572_STEM_02.wav
Sweat_Sn1572,electric bass,S03,Sweat_Sn1572_STEM_03.wav
Sweat_Sn1572,distorted electric guitar,S04,Sweat_Sn1572_STEM_04.wav
Sweat_Sn1572,electric piano,S05,Sweat_Sn1572_STEM_05.wav
Sweat_Tact,Main System,S01,Sweat_Tact_STEM_01.wav
Sweat_Tact,piano,S02,Sweat_Tact_STEM_02.wav
Sweat_Tact,tenor saxophone,S03,Sweat_Tact_STEM_03.wav
Sweat_Tact,clean electric guitar,S04,Sweat_Tact_STEM_04.wav
Sweat_Tact,drum set,S05,Sweat_Tact_STEM_05.wav
Sweat_Tact,Main System,S06,Sweat_Tact_STEM_06.wav
SweetLights_YouLetMeDown,acoustic guitar,S01,SweetLights_YouLetMeDown_STEM_01.wav
SweetLights_YouLetMeDown,electric bass,S02,SweetLights_YouLetMeDown_STEM_02.wav
SweetLights_YouLetMeDown,vocalists,S03,SweetLights_YouLetMeDown_STEM_03.wav
SweetLights_YouLetMeDown,synthesizer,S04,SweetLights_YouLetMeDown_STEM_04.wav
SweetLights_YouLetMeDown,claps,S05,SweetLights_YouLetMeDown_STEM_05.wav
SweetLights_YouLetMeDown,drum set,S06,SweetLights_YouLetMeDown_STEM_06.wav
SweetLights_YouLetMeDown,synthesizer,S07,SweetLights_YouLetMeDown_STEM_07.wav
SweetLights_YouLetMeDown,male singer,S08,SweetLights_YouLetMeDown_STEM_08.wav
SweetLights_YouLetMeDown,piano,S09,SweetLights_YouLetMeDown_STEM_09.wav
SweetLights_YouLetMeDown,synthesizer,S10,SweetLights_YouLetMeDown_STEM_10.wav
SweetLights_YouLetMeDown,tack piano,S11,SweetLights_YouLetMeDown_STEM_11.wav
SweetLights_YouLetMeDown,timpani,S12,SweetLights_YouLetMeDown_STEM_12.wav
SweetLights_YouLetMeDown,auxiliary percussion,S13,SweetLights_YouLetMeDown_STEM_13.wav
TablaBreakbeatScience_Animoog,drum machine,S01,TablaBreakbeatScience_Animoog_STEM_01.wav
TablaBreakbeatScience_Animoog,electric bass,S02,TablaBreakbeatScience_Animoog_STEM_02.wav
TablaBreakbeatScience_Animoog,distorted electric guitar,S03,TablaBreakbeatScience_Animoog_STEM_03.wav
TablaBreakbeatScience_Animoog,tabla,S04,TablaBreakbeatScience_Animoog_STEM_04.wav
TablaBreakbeatScience_Animoog,tabla,S05,TablaBreakbeatScience_Animoog_STEM_05.wav
TablaBreakbeatScience_Animoog,fx/processed sound,S06,TablaBreakbeatScience_Animoog_STEM_06.wav
TablaBreakbeatScience_CaptainSky,drum set,S01,TablaBreakbeatScience_CaptainSky_STEM_01.wav
TablaBreakbeatScience_CaptainSky,electric bass,S02,TablaBreakbeatScience_CaptainSky_STEM_02.wav
TablaBreakbeatScience_CaptainSky,tabla,S03,TablaBreakbeatScience_CaptainSky_STEM_03.wav
TablaBreakbeatScience_MiloVsMongo,drum set,S01,TablaBreakbeatScience_MiloVsMongo_STEM_01.wav
TablaBreakbeatScience_MiloVsMongo,fx/processed sound,S02,TablaBreakbeatScience_MiloVsMongo_STEM_02.wav
TablaBreakbeatScience_MiloVsMongo,synthesizer,S03,TablaBreakbeatScience_MiloVsMongo_STEM_03.wav
TablaBreakbeatScience_MiloVsMongo,fx/processed sound,S04,TablaBreakbeatScience_MiloVsMongo_STEM_04.wav
TablaBreakbeatScience_MiloVsMongo,synthesizer,S05,TablaBreakbeatScience_MiloVsMongo_STEM_05.wav
TablaBreakbeatScience_MiloVsMongo,synthesizer,S06,TablaBreakbeatScience_MiloVsMongo_STEM_06.wav
TablaBreakbeatScience_MiloVsMongo,fx/processed sound,S07,TablaBreakbeatScience_MiloVsMongo_STEM_07.wav
TablaBreakbeatScience_MiloVsMongo,mandolin,S08,TablaBreakbeatScience_MiloVsMongo_STEM_08.wav
TablaBreakbeatScience_MiloVsMongo,tabla,S09,TablaBreakbeatScience_MiloVsMongo_STEM_09.wav
TablaBreakbeatScience_MoodyPlucks,drum machine,S01,TablaBreakbeatScience_MoodyPlucks_STEM_01.wav
TablaBreakbeatScience_MoodyPlucks,fx/processed sound,S02,TablaBreakbeatScience_MoodyPlucks_STEM_02.wav
TablaBreakbeatScience_MoodyPlucks,fx/processed sound,S03,TablaBreakbeatScience_MoodyPlucks_STEM_03.wav
TablaBreakbeatScience_MoodyPlucks,synthesizer,S04,TablaBreakbeatScience_MoodyPlucks_STEM_04.wav
TablaBreakbeatScience_MoodyPlucks,synthesizer,S05,TablaBreakbeatScience_MoodyPlucks_STEM_05.wav
TablaBreakbeatScience_MoodyPlucks,harp,S06,TablaBreakbeatScience_MoodyPlucks_STEM_06.wav
TablaBreakbeatScience_MoodyPlucks,synthesizer,S07,TablaBreakbeatScience_MoodyPlucks_STEM_07.wav
TablaBreakbeatScience_MoodyPlucks,fx/processed sound,S08,TablaBreakbeatScience_MoodyPlucks_STEM_08.wav
TablaBreakbeatScience_MoodyPlucks,clean electric guitar,S09,TablaBreakbeatScience_MoodyPlucks_STEM_09.wav
TablaBreakbeatScience_MoodyPlucks,tabla,S10,TablaBreakbeatScience_MoodyPlucks_STEM_10.wav
TablaBreakbeatScience_MoodyPlucks,tabla,S11,TablaBreakbeatScience_MoodyPlucks_STEM_11.wav
TablaBreakbeatScience_PhaseTransition,drum machine,S01,TablaBreakbeatScience_PhaseTransition_STEM_01.wav
TablaBreakbeatScience_PhaseTransition,fx/processed sound,S02,TablaBreakbeatScience_PhaseTransition_STEM_02.wav
TablaBreakbeatScience_PhaseTransition,electric bass,S03,TablaBreakbeatScience_PhaseTransition_STEM_03.wav
TablaBreakbeatScience_PhaseTransition,accordion,S04,TablaBreakbeatScience_PhaseTransition_STEM_04.wav
TablaBreakbeatScience_PhaseTransition,mandolin,S05,TablaBreakbeatScience_PhaseTransition_STEM_05.wav
TablaBreakbeatScience_PhaseTransition,synthesizer,S06,TablaBreakbeatScience_PhaseTransition_STEM_06.wav
TablaBreakbeatScience_PhaseTransition,tabla,S07,TablaBreakbeatScience_PhaseTransition_STEM_07.wav
TablaBreakbeatScience_PhaseTransition,tabla,S08,TablaBreakbeatScience_PhaseTransition_STEM_08.wav
TablaBreakbeatScience_RockSteady,drum machine,S01,TablaBreakbeatScience_RockSteady_STEM_01.wav
TablaBreakbeatScience_RockSteady,accordion,S02,TablaBreakbeatScience_RockSteady_STEM_02.wav
TablaBreakbeatScience_RockSteady,mandolin,S03,TablaBreakbeatScience_RockSteady_STEM_03.wav
TablaBreakbeatScience_RockSteady,tabla,S04,TablaBreakbeatScience_RockSteady_STEM_04.wav
TablaBreakbeatScience_RockSteady,tabla,S05,TablaBreakbeatScience_RockSteady_STEM_05.wav
TablaBreakbeatScience_Scorpio,drum machine,S01,TablaBreakbeatScience_Scorpio_STEM_01.wav
TablaBreakbeatScience_Scorpio,drum machine,S02,TablaBreakbeatScience_Scorpio_STEM_02.wav
TablaBreakbeatScience_Scorpio,fx/processed sound,S03,TablaBreakbeatScience_Scorpio_STEM_03.wav
TablaBreakbeatScience_Scorpio,accordion,S04,TablaBreakbeatScience_Scorpio_STEM_04.wav
TablaBreakbeatScience_Scorpio,synthesizer,S05,TablaBreakbeatScience_Scorpio_STEM_05.wav
TablaBreakbeatScience_Scorpio,fx/processed sound,S06,TablaBreakbeatScience_Scorpio_STEM_06.wav
TablaBreakbeatScience_Scorpio,tabla,S07,TablaBreakbeatScience_Scorpio_STEM_07.wav
TablaBreakbeatScience_Vger,auxiliary percussion,S01,TablaBreakbeatScience_Vger_STEM_01.wav
TablaBreakbeatScience_Vger,drum machine,S02,TablaBreakbeatScience_Vger_STEM_02.wav
TablaBreakbeatScience_Vger,synthesizer,S03,TablaBreakbeatScience_Vger_STEM_03.wav
TablaBreakbeatScience_Vger,fx/processed sound,S04,TablaBreakbeatScience_Vger_STEM_04.wav
TablaBreakbeatScience_Vger,accordion,S05,TablaBreakbeatScience_Vger_STEM_05.wav
TablaBreakbeatScience_Vger,clean electric guitar,S06,TablaBreakbeatScience_Vger_STEM_06.wav
TablaBreakbeatScience_Vger,synthesizer,S07,TablaBreakbeatScience_Vger_STEM_07.wav
TablaBreakbeatScience_Vger,mandolin,S08,TablaBreakbeatScience_Vger_STEM_08.wav
TablaBreakbeatScience_Vger,tabla,S09,TablaBreakbeatScience_Vger_STEM_09.wav
TablaBreakbeatScience_Vger,tabla,S10,TablaBreakbeatScience_Vger_STEM_10.wav
TablaBreakbeatScience_WhoIsIt,drum machine,S01,TablaBreakbeatScience_WhoIsIt_STEM_01.wav
TablaBreakbeatScience_WhoIsIt,synthesizer,S02,TablaBreakbeatScience_WhoIsIt_STEM_02.wav
TablaBreakbeatScience_WhoIsIt,electric bass,S03,TablaBreakbeatScience_WhoIsIt_STEM_03.wav
TablaBreakbeatScience_WhoIsIt,accordion,S04,TablaBreakbeatScience_WhoIsIt_STEM_04.wav
TablaBreakbeatScience_WhoIsIt,mandolin,S05,TablaBreakbeatScience_WhoIsIt_STEM_05.wav
TablaBreakbeatScience_WhoIsIt,tabla,S06,TablaBreakbeatScience_WhoIsIt_STEM_06.wav
TalkingHeads_PsychoKiller,drum set,S01,TalkingHeads_PsychoKiller_STEM_01.wav
TalkingHeads_PsychoKiller,clean electric guitar,S02,TalkingHeads_PsychoKiller_STEM_02.wav
TalkingHeads_PsychoKiller,electric bass,S03,TalkingHeads_PsychoKiller_STEM_03.wav
TalkingHeads_PsychoKiller,Unlabeled,S04,TalkingHeads_PsychoKiller_STEM_04.wav
TalkingHeads_PsychoKiller,male singer,S05,TalkingHeads_PsychoKiller_STEM_05.wav
TalkingHeads_PsychoKiller,crowd,S06,TalkingHeads_PsychoKiller_STEM_06.wav
TaylorSwift_LoveStory,drum set,S01,TaylorSwift_LoveStory_STEM_01.wav
TaylorSwift_LoveStory,"['acoustic guitar', 'distorted electric guitar']",S02,TaylorSwift_LoveStory_STEM_02.wav
TaylorSwift_LoveStory,electric bass,S03,TaylorSwift_LoveStory_STEM_03.wav
TaylorSwift_LoveStory,"['female singer', 'vocalists']",S04,TaylorSwift_LoveStory_STEM_04.wav
TaylorSwift_LoveStory,Unlabeled,S05,TaylorSwift_LoveStory_STEM_05.wav
TaylorSwift_YouBelongWithMe,drum set,S01,TaylorSwift_YouBelongWithMe_STEM_01.wav
TaylorSwift_YouBelongWithMe,Unlabeled,S02,TaylorSwift_YouBelongWithMe_STEM_02.wav
TaylorSwift_YouBelongWithMe,electric bass,S03,TaylorSwift_YouBelongWithMe_STEM_03.wav
TaylorSwift_YouBelongWithMe,"['female singer', 'vocalists']",S04,TaylorSwift_YouBelongWithMe_STEM_04.wav
TaylorSwift_YouBelongWithMe,Unlabeled,S05,TaylorSwift_YouBelongWithMe_STEM_05.wav
TearsForFears_EverybodyWantsToRuleTheWorld,synthesizer,S01,TearsForFears_EverybodyWantsToRuleTheWorld_STEM_01.wav
TearsForFears_EverybodyWantsToRuleTheWorld,Unlabeled,S02,TearsForFears_EverybodyWantsToRuleTheWorld_STEM_02.wav
TearsForFears_EverybodyWantsToRuleTheWorld,drum set,S03,TearsForFears_EverybodyWantsToRuleTheWorld_STEM_03.wav
TearsForFears_EverybodyWantsToRuleTheWorld,synthesizer,S04,TearsForFears_EverybodyWantsToRuleTheWorld_STEM_04.wav
TearsForFears_EverybodyWantsToRuleTheWorld,clean electric guitar,S05,TearsForFears_EverybodyWantsToRuleTheWorld_STEM_05.wav
TearsForFears_EverybodyWantsToRuleTheWorld,"['male singer', 'vocalists']",S06,TearsForFears_EverybodyWantsToRuleTheWorld_STEM_06.wav
TemperedElan_DorothyJeanne,Main System,S01,TemperedElan_DorothyJeanne_STEM_01.wav
TemperedElan_DorothyJeanne,flute,S02,TemperedElan_DorothyJeanne_STEM_02.wav
TemperedElan_DorothyJeanne,harp,S03,TemperedElan_DorothyJeanne_STEM_03.wav
TemperedElan_WiseOne,Main System,S01,TemperedElan_WiseOne_STEM_01.wav
TemperedElan_WiseOne,flute,S02,TemperedElan_WiseOne_STEM_02.wav
TemperedElan_WiseOne,harp,S03,TemperedElan_WiseOne_STEM_03.wav
Tesla_ModernDayCowboy,drum set,S01,Tesla_ModernDayCowboy_STEM_01.wav
Tesla_ModernDayCowboy,distorted electric guitar,S02,Tesla_ModernDayCowboy_STEM_02.wav
Tesla_ModernDayCowboy,Unlabeled,S03,Tesla_ModernDayCowboy_STEM_03.wav
Tesla_ModernDayCowboy,"['male singer', 'distorted electric guitar']",S04,Tesla_ModernDayCowboy_STEM_04.wav
TheAllAmericanRejects_DirtyLittleSecret,drum set,S01,TheAllAmericanRejects_DirtyLittleSecret_STEM_01.wav
TheAllAmericanRejects_DirtyLittleSecret,electric bass,S02,TheAllAmericanRejects_DirtyLittleSecret_STEM_02.wav
TheAllAmericanRejects_DirtyLittleSecret,distorted electric guitar,S03,TheAllAmericanRejects_DirtyLittleSecret_STEM_03.wav
TheAllAmericanRejects_DirtyLittleSecret,"['distorted electric guitar', 'piano', 'synthesizer', 'tambourine']",S04,TheAllAmericanRejects_DirtyLittleSecret_STEM_04.wav
TheAllAmericanRejects_DirtyLittleSecret,"['male singer', 'vocalists']",S05,TheAllAmericanRejects_DirtyLittleSecret_STEM_05.wav
TheAllmanBrothersBand_RamblinMan,vocalists,S01,TheAllmanBrothersBand_RamblinMan_STEM_01.wav
TheAllmanBrothersBand_RamblinMan,vocalists,S02,TheAllmanBrothersBand_RamblinMan_STEM_02.wav
TheAllmanBrothersBand_RamblinMan,clean electric guitar,S03,TheAllmanBrothersBand_RamblinMan_STEM_03.wav
TheAllmanBrothersBand_RamblinMan,electric bass,S04,TheAllmanBrothersBand_RamblinMan_STEM_04.wav
TheAllmanBrothersBand_RamblinMan,drum set,S05,TheAllmanBrothersBand_RamblinMan_STEM_05.wav
TheAllmanBrothersBand_RamblinMan,"['electronic organ', 'tambourine', 'piano', 'clean electric guitar']",S06,TheAllmanBrothersBand_RamblinMan_STEM_06.wav
TheBeatles_TwistAndShout,drum set,S01,TheBeatles_TwistAndShout_STEM_01.wav
TheBeatles_TwistAndShout,electric bass,S02,TheBeatles_TwistAndShout_STEM_02.wav
TheBeatles_TwistAndShout,clean electric guitar,S03,TheBeatles_TwistAndShout_STEM_03.wav
TheBeatles_TwistAndShout,"['male singer', 'vocalists']",S04,TheBeatles_TwistAndShout_STEM_04.wav
TheBeatles_TwistAndShout,male speaker,S05,TheBeatles_TwistAndShout_STEM_05.wav
TheBeatles_Wait,drum set,S01,TheBeatles_Wait_STEM_01.wav
TheBeatles_Wait,electric bass,S02,TheBeatles_Wait_STEM_02.wav
TheBeatles_Wait,clean electric guitar,S03,TheBeatles_Wait_STEM_03.wav
TheBeatles_Wait,vocalists,S04,TheBeatles_Wait_STEM_04.wav
TheBeatles_Wait,"['male speaker', 'tambourine', 'shaker']",S05,TheBeatles_Wait_STEM_05.wav
TheBeatles_WhatGoesOn,drum set,S01,TheBeatles_WhatGoesOn_STEM_01.wav
TheBeatles_WhatGoesOn,electric bass,S02,TheBeatles_WhatGoesOn_STEM_02.wav
TheBeatles_WhatGoesOn,clean electric guitar,S03,TheBeatles_WhatGoesOn_STEM_03.wav
TheBeatles_WhatGoesOn,vocalists,S04,TheBeatles_WhatGoesOn_STEM_04.wav
TheBeatles_WhatGoesOn,male speaker,S05,TheBeatles_WhatGoesOn_STEM_05.wav
TheBeatles_WhenIm64,drum set,S01,TheBeatles_WhenIm64_STEM_01.wav
TheBeatles_WhenIm64,electric bass,S02,TheBeatles_WhenIm64_STEM_02.wav
TheBeatles_WhenIm64,clarinet section,S03,TheBeatles_WhenIm64_STEM_03.wav
TheBeatles_WhenIm64,"['male singer', 'vocalists']",S04,TheBeatles_WhenIm64_STEM_04.wav
TheBeatles_WhenIm64,piano,S05,TheBeatles_WhenIm64_STEM_05.wav
TheBeatles_WhileMyGuitarGentlyWeeps,drum set,S01,TheBeatles_WhileMyGuitarGentlyWeeps_STEM_01.wav
TheBeatles_WhileMyGuitarGentlyWeeps,electric bass,S02,TheBeatles_WhileMyGuitarGentlyWeeps_STEM_02.wav
TheBeatles_WhileMyGuitarGentlyWeeps,acoustic guitar,S03,TheBeatles_WhileMyGuitarGentlyWeeps_STEM_03.wav
TheBeatles_WhileMyGuitarGentlyWeeps,vocalists,S04,TheBeatles_WhileMyGuitarGentlyWeeps_STEM_04.wav
TheBeatles_WhileMyGuitarGentlyWeeps,castanet,S05,TheBeatles_WhileMyGuitarGentlyWeeps_STEM_05.wav
TheBeatles_WithALittleHelpFromMyFriends,drum set,S01,TheBeatles_WithALittleHelpFromMyFriends_STEM_01.wav
TheBeatles_WithALittleHelpFromMyFriends,electric bass,S02,TheBeatles_WithALittleHelpFromMyFriends_STEM_02.wav
TheBeatles_WithALittleHelpFromMyFriends,distorted electric guitar,S03,TheBeatles_WithALittleHelpFromMyFriends_STEM_03.wav
TheBeatles_WithALittleHelpFromMyFriends,"['male singer', 'vocalists']",S04,TheBeatles_WithALittleHelpFromMyFriends_STEM_04.wav
TheBeatles_WithALittleHelpFromMyFriends,Unlabeled,S05,TheBeatles_WithALittleHelpFromMyFriends_STEM_05.wav
TheBeatles_WithinYouWithoutYou,sitar,S01,TheBeatles_WithinYouWithoutYou_STEM_01.wav
TheBeatles_WithinYouWithoutYou,dilruba,S02,TheBeatles_WithinYouWithoutYou_STEM_02.wav
TheBeatles_WithinYouWithoutYou,tabla,S03,TheBeatles_WithinYouWithoutYou_STEM_03.wav
TheBeatles_WithinYouWithoutYou,string section,S04,TheBeatles_WithinYouWithoutYou_STEM_04.wav
TheBeatles_WithinYouWithoutYou,Unlabeled,S05,TheBeatles_WithinYouWithoutYou_STEM_05.wav
TheBeatles_WithinYouWithoutYou,tabla,S06,TheBeatles_WithinYouWithoutYou_STEM_06.wav
TheBeatles_WithinYouWithoutYou,male singer,S07,TheBeatles_WithinYouWithoutYou_STEM_07.wav
TheBeatles_YellowSubmarine,drum set,S01,TheBeatles_YellowSubmarine_STEM_01.wav
TheBeatles_YellowSubmarine,electric bass,S02,TheBeatles_YellowSubmarine_STEM_02.wav
TheBeatles_YellowSubmarine,acoustic guitar,S03,TheBeatles_YellowSubmarine_STEM_03.wav
TheBeatles_YellowSubmarine,"['male singer', 'vocalists']",S04,TheBeatles_YellowSubmarine_STEM_04.wav
TheBeatles_YellowSubmarine,Unlabeled,S05,TheBeatles_YellowSubmarine_STEM_05.wav
TheBeatles_YouWontSeeMe,drum set,S01,TheBeatles_YouWontSeeMe_STEM_01.wav
TheBeatles_YouWontSeeMe,electric bass,S02,TheBeatles_YouWontSeeMe_STEM_02.wav
TheBeatles_YouWontSeeMe,clean electric guitar,S03,TheBeatles_YouWontSeeMe_STEM_03.wav
TheBeatles_YouWontSeeMe,"['male singer', 'vocalists']",S04,TheBeatles_YouWontSeeMe_STEM_04.wav
TheBeatles_YouWontSeeMe,Unlabeled,S05,TheBeatles_YouWontSeeMe_STEM_05.wav
TheBlackKeys_YourTouch,drum set,S01,TheBlackKeys_YourTouch_STEM_01.wav
TheBlackKeys_YourTouch,distorted electric guitar,S02,TheBlackKeys_YourTouch_STEM_02.wav
TheBlackKeys_YourTouch,male singer,S03,TheBlackKeys_YourTouch_STEM_03.wav
TheBlackKeys_YourTouch,distorted electric guitar,S04,TheBlackKeys_YourTouch_STEM_04.wav
TheBravery_Believe,vocalists,S01,TheBravery_Believe_STEM_01.wav
TheBravery_Believe,drum set,S02,TheBravery_Believe_STEM_02.wav
TheBravery_Believe,clean electric guitar,S03,TheBravery_Believe_STEM_03.wav
TheBravery_Believe,distorted electric guitar,S04,TheBravery_Believe_STEM_04.wav
TheBravery_Believe,synthesizer,S05,TheBravery_Believe_STEM_05.wav
TheBronx_FalseAlarm,electric bass,S01,TheBronx_FalseAlarm_STEM_01.wav
TheBronx_FalseAlarm,distorted electric guitar,S02,TheBronx_FalseAlarm_STEM_02.wav
TheBronx_FalseAlarm,drum set,S03,TheBronx_FalseAlarm_STEM_03.wav
TheBronx_FalseAlarm,"['male screamer', 'male singer']",S04,TheBronx_FalseAlarm_STEM_04.wav
TheBronx_SixDaysAWeek,drum set,S01,TheBronx_SixDaysAWeek_STEM_01.wav
TheBronx_SixDaysAWeek,distorted electric guitar,S02,TheBronx_SixDaysAWeek_STEM_02.wav
TheBronx_SixDaysAWeek,electric bass,S03,TheBronx_SixDaysAWeek_STEM_03.wav
TheBronx_SixDaysAWeek,Unlabeled,S04,TheBronx_SixDaysAWeek_STEM_04.wav
TheDistricts_Vermont,electric bass,S01,TheDistricts_Vermont_STEM_01.wav
TheDistricts_Vermont,vocalists,S02,TheDistricts_Vermont_STEM_02.wav
TheDistricts_Vermont,drum set,S03,TheDistricts_Vermont_STEM_03.wav
TheDistricts_Vermont,synthesizer,S04,TheDistricts_Vermont_STEM_04.wav
TheDistricts_Vermont,male singer,S05,TheDistricts_Vermont_STEM_05.wav
TheDistricts_Vermont,clean electric guitar,S06,TheDistricts_Vermont_STEM_06.wav
TheDistricts_Vermont,clean electric guitar,S07,TheDistricts_Vermont_STEM_07.wav
TheFranckDuo_FranckViolinSonataInAMajorMovement1,Main System,S01,TheFranckDuo_FranckViolinSonataInAMajorMovement1_STEM_01.wav
TheFranckDuo_FranckViolinSonataInAMajorMovement1,violin,S02,TheFranckDuo_FranckViolinSonataInAMajorMovement1_STEM_02.wav
TheFranckDuo_FranckViolinSonataInAMajorMovement1,piano,S03,TheFranckDuo_FranckViolinSonataInAMajorMovement1_STEM_03.wav
TheFranckDuo_FranckViolinSonataInAMajorMovement2,Main System,S01,TheFranckDuo_FranckViolinSonataInAMajorMovement2_STEM_01.wav
TheFranckDuo_FranckViolinSonataInAMajorMovement2,piano,S02,TheFranckDuo_FranckViolinSonataInAMajorMovement2_STEM_02.wav
TheFranckDuo_FranckViolinSonataInAMajorMovement2,violin,S03,TheFranckDuo_FranckViolinSonataInAMajorMovement2_STEM_03.wav
TheKillers_SomebodyToldMe,"['male singer', 'vocalists']",S01,TheKillers_SomebodyToldMe_STEM_01.wav
TheKillers_SomebodyToldMe,drum set,S02,TheKillers_SomebodyToldMe_STEM_02.wav
TheKillers_SomebodyToldMe,electric bass,S03,TheKillers_SomebodyToldMe_STEM_03.wav
TheKillers_SomebodyToldMe,distorted electric guitar,S04,TheKillers_SomebodyToldMe_STEM_04.wav
TheKillers_SomebodyToldMe,distorted electric guitar,S05,TheKillers_SomebodyToldMe_STEM_05.wav
TheKillers_SomebodyToldMe,synthesizer,S06,TheKillers_SomebodyToldMe_STEM_06.wav
TheKillers_SomebodyToldMe,male singer,S07,TheKillers_SomebodyToldMe_STEM_07.wav
TheKitchenettes_Alive,vocalists,S01,TheKitchenettes_Alive_STEM_01.wav
TheKitchenettes_Alive,acoustic guitar,S02,TheKitchenettes_Alive_STEM_02.wav
TheKitchenettes_Alive,electric bass,S03,TheKitchenettes_Alive_STEM_03.wav
TheKitchenettes_Alive,violin,S04,TheKitchenettes_Alive_STEM_04.wav
TheKitchenettes_Alive,piano,S05,TheKitchenettes_Alive_STEM_05.wav
TheKitchenettes_Alive,clean electric guitar,S06,TheKitchenettes_Alive_STEM_06.wav
TheKitchenettes_Alive,drum set,S07,TheKitchenettes_Alive_STEM_07.wav
TheKitchenettes_Alive,female singer,S08,TheKitchenettes_Alive_STEM_08.wav
TheKooks_Naive,drum set,S01,TheKooks_Naive_STEM_01.wav
TheKooks_Naive,clean electric guitar,S02,TheKooks_Naive_STEM_02.wav
TheKooks_Naive,electric bass,S03,TheKooks_Naive_STEM_03.wav
TheKooks_Naive,"['male singer', 'vocalists']",S04,TheKooks_Naive_STEM_04.wav
TheLastGoodnight_PicturesOfYou,drum set,S01,TheLastGoodnight_PicturesOfYou_STEM_01.wav
TheLastGoodnight_PicturesOfYou,"['piano', 'distorted electric guitar']",S02,TheLastGoodnight_PicturesOfYou_STEM_02.wav
TheLastGoodnight_PicturesOfYou,electric bass,S03,TheLastGoodnight_PicturesOfYou_STEM_03.wav
TheLastGoodnight_PicturesOfYou,male singer,S04,TheLastGoodnight_PicturesOfYou_STEM_04.wav
TheLastGoodnight_PicturesOfYou,Unlabeled,S05,TheLastGoodnight_PicturesOfYou_STEM_05.wav
TheNoHoStringOrchestra_ElgarMovement1,double bass,S01,TheNoHoStringOrchestra_ElgarMovement1_STEM_01.wav
TheNoHoStringOrchestra_ElgarMovement1,Main System,S02,TheNoHoStringOrchestra_ElgarMovement1_STEM_02.wav
TheNoHoStringOrchestra_ElgarMovement1,violin section,S03,TheNoHoStringOrchestra_ElgarMovement1_STEM_03.wav
TheNoHoStringOrchestra_ElgarMovement1,violin section,S04,TheNoHoStringOrchestra_ElgarMovement1_STEM_04.wav
TheNoHoStringOrchestra_ElgarMovement1,viola section,S05,TheNoHoStringOrchestra_ElgarMovement1_STEM_05.wav
TheNoHoStringOrchestra_ElgarMovement1,cello section,S06,TheNoHoStringOrchestra_ElgarMovement1_STEM_06.wav
TheNoHoStringOrchestra_ElgarMovement2,violin section,S01,TheNoHoStringOrchestra_ElgarMovement2_STEM_01.wav
TheNoHoStringOrchestra_ElgarMovement2,Main System,S02,TheNoHoStringOrchestra_ElgarMovement2_STEM_02.wav
TheNoHoStringOrchestra_ElgarMovement2,cello section,S03,TheNoHoStringOrchestra_ElgarMovement2_STEM_03.wav
TheNoHoStringOrchestra_ElgarMovement2,viola section,S04,TheNoHoStringOrchestra_ElgarMovement2_STEM_04.wav
TheNoHoStringOrchestra_ElgarMovement2,double bass,S05,TheNoHoStringOrchestra_ElgarMovement2_STEM_05.wav
TheNoHoStringOrchestra_ElgarMovement2,violin section,S06,TheNoHoStringOrchestra_ElgarMovement2_STEM_06.wav
TheNoHoStringOrchestra_ElgarMovement3,violin section,S01,TheNoHoStringOrchestra_ElgarMovement3_STEM_01.wav
TheNoHoStringOrchestra_ElgarMovement3,violin section,S02,TheNoHoStringOrchestra_ElgarMovement3_STEM_02.wav
TheNoHoStringOrchestra_ElgarMovement3,Main System,S03,TheNoHoStringOrchestra_ElgarMovement3_STEM_03.wav
TheNoHoStringOrchestra_ElgarMovement3,cello section,S04,TheNoHoStringOrchestra_ElgarMovement3_STEM_04.wav
TheNoHoStringOrchestra_ElgarMovement3,double bass,S05,TheNoHoStringOrchestra_ElgarMovement3_STEM_05.wav
TheNoHoStringOrchestra_ElgarMovement3,viola section,S06,TheNoHoStringOrchestra_ElgarMovement3_STEM_06.wav
TheScarletBrand_LesFleursDuMal,drum set,S01,TheScarletBrand_LesFleursDuMal_STEM_01.wav
TheScarletBrand_LesFleursDuMal,electric bass,S02,TheScarletBrand_LesFleursDuMal_STEM_02.wav
TheScarletBrand_LesFleursDuMal,clean electric guitar,S03,TheScarletBrand_LesFleursDuMal_STEM_03.wav
TheScarletBrand_LesFleursDuMal,distorted electric guitar,S04,TheScarletBrand_LesFleursDuMal_STEM_04.wav
TheScarletBrand_LesFleursDuMal,distorted electric guitar,S05,TheScarletBrand_LesFleursDuMal_STEM_05.wav
TheScarletBrand_LesFleursDuMal,fx/processed sound,S06,TheScarletBrand_LesFleursDuMal_STEM_06.wav
TheScarletBrand_LesFleursDuMal,clean electric guitar,S07,TheScarletBrand_LesFleursDuMal_STEM_07.wav
TheScarletBrand_LesFleursDuMal,male singer,S08,TheScarletBrand_LesFleursDuMal_STEM_08.wav
TheSoSoGlos_Emergency,electric bass,S01,TheSoSoGlos_Emergency_STEM_01.wav
TheSoSoGlos_Emergency,vocalists,S02,TheSoSoGlos_Emergency_STEM_02.wav
TheSoSoGlos_Emergency,drum set,S03,TheSoSoGlos_Emergency_STEM_03.wav
TheSoSoGlos_Emergency,distorted electric guitar,S04,TheSoSoGlos_Emergency_STEM_04.wav
TheSoSoGlos_Emergency,male singer,S05,TheSoSoGlos_Emergency_STEM_05.wav
TheSoSoGlos_Emergency,auxiliary percussion,S06,TheSoSoGlos_Emergency_STEM_06.wav
TheSoSoGlos_Emergency,fx/processed sound,S07,TheSoSoGlos_Emergency_STEM_07.wav
TheSoSoGlos_Emergency,synthesizer,S08,TheSoSoGlos_Emergency_STEM_08.wav
TheSoSoGlos_Emergency,acoustic guitar,S09,TheSoSoGlos_Emergency_STEM_09.wav
TheSoSoGlos_Emergency,vibraphone,S10,TheSoSoGlos_Emergency_STEM_10.wav
TheTonTons_Lush,male singer,S01,TheTonTons_Lush_STEM_01.wav
TheTonTons_Lush,tambourine,S02,TheTonTons_Lush_STEM_02.wav
TheTonTons_Lush,clean electric guitar,S03,TheTonTons_Lush_STEM_03.wav
TheTonTons_Lush,drum set,S04,TheTonTons_Lush_STEM_04.wav
TheTonTons_Lush,distorted electric guitar,S05,TheTonTons_Lush_STEM_05.wav
TheTonTons_Lush,distorted electric guitar,S06,TheTonTons_Lush_STEM_06.wav
TheTonTons_Lush,clean electric guitar,S07,TheTonTons_Lush_STEM_07.wav
TheTonTons_Lush,clean electric guitar,S08,TheTonTons_Lush_STEM_08.wav
TheTonTons_Lush,electric bass,S09,TheTonTons_Lush_STEM_09.wav
TheTonTons_Lush,female singer,S10,TheTonTons_Lush_STEM_10.wav
TheTonTons_Lush,clean electric guitar,S11,TheTonTons_Lush_STEM_11.wav
TheTurtles_HappyTogether,drum set,S01,TheTurtles_HappyTogether_STEM_01.wav
TheTurtles_HappyTogether,Unlabeled,S02,TheTurtles_HappyTogether_STEM_02.wav
TheTurtles_HappyTogether,electric bass,S03,TheTurtles_HappyTogether_STEM_03.wav
TheTurtles_HappyTogether,"['male singer', 'vocalists']",S04,TheTurtles_HappyTogether_STEM_04.wav
TheTurtles_HappyTogether,Unlabeled,S05,TheTurtles_HappyTogether_STEM_05.wav
ThinLizzy_TheBoysAreBackInTown,drum set,S01,ThinLizzy_TheBoysAreBackInTown_STEM_01.wav
ThinLizzy_TheBoysAreBackInTown,distorted electric guitar,S02,ThinLizzy_TheBoysAreBackInTown_STEM_02.wav
ThinLizzy_TheBoysAreBackInTown,electric bass,S03,ThinLizzy_TheBoysAreBackInTown_STEM_03.wav
ThinLizzy_TheBoysAreBackInTown,male singer,S04,ThinLizzy_TheBoysAreBackInTown_STEM_04.wav
ThinLizzy_TheBoysAreBackInTown,distorted electric guitar,S05,ThinLizzy_TheBoysAreBackInTown_STEM_05.wav
ThirdEyeBlind_Jumper,drum set,S01,ThirdEyeBlind_Jumper_STEM_01.wav
ThirdEyeBlind_Jumper,"['acoustic guitar', 'distorted electric guitar']",S02,ThirdEyeBlind_Jumper_STEM_02.wav
ThirdEyeBlind_Jumper,electric bass,S03,ThirdEyeBlind_Jumper_STEM_03.wav
ThirdEyeBlind_Jumper,Unlabeled,S04,ThirdEyeBlind_Jumper_STEM_04.wav
ThirdEyeBlind_Jumper,male singer,S05,ThirdEyeBlind_Jumper_STEM_05.wav
ThirdEyeBlind_NeverLetYouGo,drum set,S01,ThirdEyeBlind_NeverLetYouGo_STEM_01.wav
ThirdEyeBlind_NeverLetYouGo,distorted electric guitar,S02,ThirdEyeBlind_NeverLetYouGo_STEM_02.wav
ThirdEyeBlind_NeverLetYouGo,electric bass,S03,ThirdEyeBlind_NeverLetYouGo_STEM_03.wav
ThirdEyeBlind_NeverLetYouGo,"['male singer', 'vocalists']",S04,ThirdEyeBlind_NeverLetYouGo_STEM_04.wav
ThirdEyeBlind_NeverLetYouGo,Unlabeled,S05,ThirdEyeBlind_NeverLetYouGo_STEM_05.wav
TleilaxEnsemble_Late,double bass,S01,TleilaxEnsemble_Late_STEM_01.wav
TleilaxEnsemble_Late,violin,S02,TleilaxEnsemble_Late_STEM_02.wav
TleilaxEnsemble_Late,Main System,S03,TleilaxEnsemble_Late_STEM_03.wav
TleilaxEnsemble_Late,male singer,S04,TleilaxEnsemble_Late_STEM_04.wav
TleilaxEnsemble_Late,female singer,S05,TleilaxEnsemble_Late_STEM_05.wav
TleilaxEnsemble_MelancholyFlowers,double bass,S01,TleilaxEnsemble_MelancholyFlowers_STEM_01.wav
TleilaxEnsemble_MelancholyFlowers,Main System,S02,TleilaxEnsemble_MelancholyFlowers_STEM_02.wav
TleilaxEnsemble_MelancholyFlowers,violin,S03,TleilaxEnsemble_MelancholyFlowers_STEM_03.wav
TleilaxEnsemble_MelancholyFlowers,male singer,S04,TleilaxEnsemble_MelancholyFlowers_STEM_04.wav
TleilaxEnsemble_MelancholyFlowers,female singer,S05,TleilaxEnsemble_MelancholyFlowers_STEM_05.wav
TomPettyAndTheHeartbreakers_IWontBackDown,drum set,S01,TomPettyAndTheHeartbreakers_IWontBackDown_STEM_01.wav
TomPettyAndTheHeartbreakers_IWontBackDown,clean electric guitar,S02,TomPettyAndTheHeartbreakers_IWontBackDown_STEM_02.wav
TomPettyAndTheHeartbreakers_IWontBackDown,electric bass,S03,TomPettyAndTheHeartbreakers_IWontBackDown_STEM_03.wav
TomPettyAndTheHeartbreakers_IWontBackDown,Unlabeled,S04,TomPettyAndTheHeartbreakers_IWontBackDown_STEM_04.wav
TomPettyAndTheHeartbreakers_IWontBackDown,"['male singer', 'vocalists']",S05,TomPettyAndTheHeartbreakers_IWontBackDown_STEM_05.wav
TomPetty_FreeFallin,drum set,S01,TomPetty_FreeFallin_STEM_01.wav
TomPetty_FreeFallin,acoustic guitar,S02,TomPetty_FreeFallin_STEM_02.wav
TomPetty_FreeFallin,electric bass,S03,TomPetty_FreeFallin_STEM_03.wav
TomPetty_FreeFallin,Unlabeled,S04,TomPetty_FreeFallin_STEM_04.wav
TomPetty_FreeFallin,"['male singer', 'vocalists']",S05,TomPetty_FreeFallin_STEM_05.wav
Tonic_IfYouCouldOnlySee,drum set,S01,Tonic_IfYouCouldOnlySee_STEM_01.wav
Tonic_IfYouCouldOnlySee,"['acoustic guitar', 'clean electric guitar']",S02,Tonic_IfYouCouldOnlySee_STEM_02.wav
Tonic_IfYouCouldOnlySee,electric bass,S03,Tonic_IfYouCouldOnlySee_STEM_03.wav
Tonic_IfYouCouldOnlySee,"['male singer', 'vocalists']",S04,Tonic_IfYouCouldOnlySee_STEM_04.wav
Tonic_IfYouCouldOnlySee,Unlabeled,S05,Tonic_IfYouCouldOnlySee_STEM_05.wav
Torres_NewSkin,distorted electric guitar,S01,Torres_NewSkin_STEM_01.wav
Torres_NewSkin,female singer,S02,Torres_NewSkin_STEM_02.wav
Torres_NewSkin,female singer,S03,Torres_NewSkin_STEM_03.wav
Torres_NewSkin,clean electric guitar,S04,Torres_NewSkin_STEM_04.wav
Torres_NewSkin,female singer,S05,Torres_NewSkin_STEM_05.wav
Torres_NewSkin,electric bass,S06,Torres_NewSkin_STEM_06.wav
Torres_NewSkin,drum set,S07,Torres_NewSkin_STEM_07.wav
Torres_NewSkin,distorted electric guitar,S08,Torres_NewSkin_STEM_08.wav
Torres_NewSkin,clean electric guitar,S09,Torres_NewSkin_STEM_09.wav
Torres_NewSkin,female singer,S10,Torres_NewSkin_STEM_10.wav
TPain_Bartender,drum machine,S01,TPain_Bartender_STEM_01.wav
TPain_Bartender,electric piano,S02,TPain_Bartender_STEM_02.wav
TPain_Bartender,synthesizer,S03,TPain_Bartender_STEM_03.wav
TPain_Bartender,"['male singer', 'vocalists']",S04,TPain_Bartender_STEM_04.wav
TPain_Bartender,synthesizer,S05,TPain_Bartender_STEM_05.wav
TPain_Bartender,male singer,S06,TPain_Bartender_STEM_06.wav
TPain_Bartender,vocalists,S07,TPain_Bartender_STEM_07.wav
TrevorAndTheSoundwaves_AloneAndSad,male singer,S01,TrevorAndTheSoundwaves_AloneAndSad_STEM_01.wav
TrevorAndTheSoundwaves_AloneAndSad,drum set,S02,TrevorAndTheSoundwaves_AloneAndSad_STEM_02.wav
TrevorAndTheSoundwaves_AloneAndSad,clean electric guitar,S03,TrevorAndTheSoundwaves_AloneAndSad_STEM_03.wav
TrevorAndTheSoundwaves_AloneAndSad,electric bass,S04,TrevorAndTheSoundwaves_AloneAndSad_STEM_04.wav
TrevorAndTheSoundwaves_AloneAndSad,distorted electric guitar,S05,TrevorAndTheSoundwaves_AloneAndSad_STEM_05.wav
TvOnTheRadio_WolfLikeMe,drum set,S01,TvOnTheRadio_WolfLikeMe_STEM_01.wav
TvOnTheRadio_WolfLikeMe,synthesizer,S02,TvOnTheRadio_WolfLikeMe_STEM_02.wav
TvOnTheRadio_WolfLikeMe,distorted electric guitar,S03,TvOnTheRadio_WolfLikeMe_STEM_03.wav
TvOnTheRadio_WolfLikeMe,Unlabeled,S04,TvOnTheRadio_WolfLikeMe_STEM_04.wav
VampireWeekend_Cousins,drum set,S01,VampireWeekend_Cousins_STEM_01.wav
VampireWeekend_Cousins,clean electric guitar,S02,VampireWeekend_Cousins_STEM_02.wav
VampireWeekend_Cousins,electric bass,S03,VampireWeekend_Cousins_STEM_03.wav
VampireWeekend_Cousins,male singer,S04,VampireWeekend_Cousins_STEM_04.wav
VampireWeekend_Cousins,clean electric guitar,S05,VampireWeekend_Cousins_STEM_05.wav
VampireWeekend_Holiday,drum set,S01,VampireWeekend_Holiday_STEM_01.wav
VampireWeekend_Holiday,distorted electric guitar,S02,VampireWeekend_Holiday_STEM_02.wav
VampireWeekend_Holiday,electric bass,S03,VampireWeekend_Holiday_STEM_03.wav
VampireWeekend_Holiday,male singer,S04,VampireWeekend_Holiday_STEM_04.wav
VanHalen_Jump,drum set,S01,VanHalen_Jump_STEM_01.wav
VanHalen_Jump,synthesizer,S02,VanHalen_Jump_STEM_02.wav
VanHalen_Jump,electric bass,S03,VanHalen_Jump_STEM_03.wav
VanHalen_Jump,Unlabeled,S04,VanHalen_Jump_STEM_04.wav
VanHalen_Jump,male singer,S05,VanHalen_Jump_STEM_05.wav
VanillaIce_IceIceBaby,"['electric bass', 'synthesizer']",S01,VanillaIce_IceIceBaby_STEM_01.wav
VanillaIce_IceIceBaby,male rapper,S02,VanillaIce_IceIceBaby_STEM_02.wav
VanillaIce_IceIceBaby,drum machine,S03,VanillaIce_IceIceBaby_STEM_03.wav
VanillaIce_IceIceBaby,Unlabeled,S04,VanillaIce_IceIceBaby_STEM_04.wav
Verdi_IlTrovatore,female singer,S01,Verdi_IlTrovatore_STEM_01.wav
Verdi_IlTrovatore,piano,S02,Verdi_IlTrovatore_STEM_02.wav
VillagePeople_Ymca,drum set,S01,VillagePeople_Ymca_STEM_01.wav
VillagePeople_Ymca,"['horn section', 'string section']",S02,VillagePeople_Ymca_STEM_02.wav
VillagePeople_Ymca,electric bass,S03,VillagePeople_Ymca_STEM_03.wav
VillagePeople_Ymca,"['male singer', 'vocalists']",S04,VillagePeople_Ymca_STEM_04.wav
VillagePeople_Ymca,Unlabeled,S05,VillagePeople_Ymca_STEM_05.wav
Weezer_IslandInTheSun,drum set,S01,Weezer_IslandInTheSun_STEM_01.wav
Weezer_IslandInTheSun,acoustic guitar,S02,Weezer_IslandInTheSun_STEM_02.wav
Weezer_IslandInTheSun,electric bass,S03,Weezer_IslandInTheSun_STEM_03.wav
Weezer_IslandInTheSun,vocalists,S04,Weezer_IslandInTheSun_STEM_04.wav
Weezer_IslandInTheSun,Unlabeled,S05,Weezer_IslandInTheSun_STEM_05.wav
WildCherry_PlayThatFunkyMusic,drum set,S01,WildCherry_PlayThatFunkyMusic_STEM_01.wav
WildCherry_PlayThatFunkyMusic,electric bass,S02,WildCherry_PlayThatFunkyMusic_STEM_02.wav
WildCherry_PlayThatFunkyMusic,clean electric guitar,S03,WildCherry_PlayThatFunkyMusic_STEM_03.wav
WildCherry_PlayThatFunkyMusic,Unlabeled,S04,WildCherry_PlayThatFunkyMusic_STEM_04.wav
Wolf_DieBekherte,female singer,S01,Wolf_DieBekherte_STEM_01.wav
Wolf_DieBekherte,piano,S02,Wolf_DieBekherte_STEM_02.wav
